run_id,timestamp,environment_tier,machine_name,workload,implementation,backend,device,n,p,d,k,R,batch_R,seed,cold_time_s,warm_median_s,warm_iqr_s,host_peak_mem_mb,gpu_peak_mem_mb,validation_status,notes,profile,scenario_id,skip_reason,estimated_host_gib,estimated_gpu_gib,threads,workers,dtype,transfer_included,max_iter,separation
long_safe_20260503_190133,2026-05-03T19:17:33+0800,linux_server_cpu,BI103202,kmeans,numpy_matmul,cpu,linux_server_cpu,100000,,10,5,,,0,0.5525600938126445,0.5006918190047145,0.03352228063158691,81.7265625,,pass,inertia=870930; rel_delta=0,long_safe,kmeans_cpu__d-10__estimated_host_gib-0.037__implementation-numpy_matmul__k-5__max_iter-20__n-100000__profile-long_safe__repeat-3__run_id-long_safe_20260503_190133__seed-0__separation-1.0__threads-16,,0.037,,16,,,,20,1.0
long_safe_20260503_190133,2026-05-03T19:17:39+0800,linux_server_cpu,BI103202,kmeans,numba,cpu,linux_server_cpu,100000,,10,5,,,0,1.7397608100436628,0.48777547664940357,0.005982190370559692,186.49609375,,pass,inertia=870930; rel_delta=0,long_safe,kmeans_cpu__d-10__estimated_host_gib-0.037__implementation-numba__k-5__max_iter-20__n-100000__profile-long_safe__repeat-3__run_id-long_safe_20260503_190133__seed-0__separation-1.0__threads-16,,0.037,,16,,,,20,1.0
long_safe_20260503_190133,2026-05-03T19:17:48+0800,linux_server_cpu,BI103202,kmeans,numpy_matmul,cpu,linux_server_cpu,100000,,10,5,,,1,0.5950843598693609,0.5332628469914198,0.0343495849519968,83.01953125,,pass,inertia=877782; rel_delta=0,long_safe,kmeans_cpu__d-10__estimated_host_gib-0.037__implementation-numpy_matmul__k-5__max_iter-20__n-100000__profile-long_safe__repeat-3__run_id-long_safe_20260503_190133__seed-1__separation-1.0__threads-16,,0.037,,16,,,,20,1.0
long_safe_20260503_190133,2026-05-03T19:17:55+0800,linux_server_cpu,BI103202,kmeans,numba,cpu,linux_server_cpu,100000,,10,5,,,1,1.8275891826488078,0.547521784901619,0.02846355503425002,186.80078125,,pass,inertia=877782; rel_delta=0,long_safe,kmeans_cpu__d-10__estimated_host_gib-0.037__implementation-numba__k-5__max_iter-20__n-100000__profile-long_safe__repeat-3__run_id-long_safe_20260503_190133__seed-1__separation-1.0__threads-16,,0.037,,16,,,,20,1.0
long_safe_20260503_190133,2026-05-03T19:18:02+0800,linux_server_cpu,BI103202,kmeans,numpy_matmul,cpu,linux_server_cpu,100000,,10,5,,,2,0.4728172938339412,0.43076908914372325,0.005869073327630758,83.4375,,pass,inertia=869860; rel_delta=0,long_safe,kmeans_cpu__d-10__estimated_host_gib-0.037__implementation-numpy_matmul__k-5__max_iter-20__n-100000__profile-long_safe__repeat-3__run_id-long_safe_20260503_190133__seed-2__separation-1.0__threads-16,,0.037,,16,,,,20,1.0
long_safe_20260503_190133,2026-05-03T19:18:08+0800,linux_server_cpu,BI103202,kmeans,numba,cpu,linux_server_cpu,100000,,10,5,,,2,1.349971423856914,0.34568333392962813,0.008892792975530028,186.8125,,pass,inertia=869860; rel_delta=0,long_safe,kmeans_cpu__d-10__estimated_host_gib-0.037__implementation-numba__k-5__max_iter-20__n-100000__profile-long_safe__repeat-3__run_id-long_safe_20260503_190133__seed-2__separation-1.0__threads-16,,0.037,,16,,,,20,1.0
long_safe_20260503_190133,2026-05-03T19:18:15+0800,linux_server_cpu,BI103202,kmeans,numpy_matmul,cpu,linux_server_cpu,100000,,10,5,,,0,0.8717299932613969,0.894093556329608,0.11636782437562943,83.51171875,,pass,inertia=932946; rel_delta=0,long_safe,kmeans_cpu__d-10__estimated_host_gib-0.037__implementation-numpy_matmul__k-5__max_iter-20__n-100000__profile-long_safe__repeat-3__run_id-long_safe_20260503_190133__seed-0__separation-2.0__threads-16,,0.037,,16,,,,20,2.0
long_safe_20260503_190133,2026-05-03T19:18:19+0800,linux_server_cpu,BI103202,kmeans,numba,cpu,linux_server_cpu,100000,,10,5,,,0,1.8003842271864414,0.47563014179468155,0.060708097415044904,187.80859375,,pass,inertia=932946; rel_delta=0,long_safe,kmeans_cpu__d-10__estimated_host_gib-0.037__implementation-numba__k-5__max_iter-20__n-100000__profile-long_safe__repeat-3__run_id-long_safe_20260503_190133__seed-0__separation-2.0__threads-16,,0.037,,16,,,,20,2.0
long_safe_20260503_190133,2026-05-03T19:18:28+0800,linux_server_cpu,BI103202,kmeans,numpy_matmul,cpu,linux_server_cpu,100000,,10,5,,,1,0.5510057369247079,0.5044329836964607,0.010735085234045982,83.36328125,,pass,inertia=942968; rel_delta=0,long_safe,kmeans_cpu__d-10__estimated_host_gib-0.037__implementation-numpy_matmul__k-5__max_iter-20__n-100000__profile-long_safe__repeat-3__run_id-long_safe_20260503_190133__seed-1__separation-2.0__threads-16,,0.037,,16,,,,20,2.0
long_safe_20260503_190133,2026-05-03T19:18:34+0800,linux_server_cpu,BI103202,kmeans,numba,cpu,linux_server_cpu,100000,,10,5,,,1,1.7682274258695543,0.4873137450776994,0.011789184296503663,186.47265625,,pass,inertia=942968; rel_delta=0,long_safe,kmeans_cpu__d-10__estimated_host_gib-0.037__implementation-numba__k-5__max_iter-20__n-100000__profile-long_safe__repeat-3__run_id-long_safe_20260503_190133__seed-1__separation-2.0__threads-16,,0.037,,16,,,,20,2.0
long_safe_20260503_190133,2026-05-03T19:18:43+0800,linux_server_cpu,BI103202,kmeans,numpy_matmul,cpu,linux_server_cpu,100000,,10,5,,,2,0.47136575216427445,0.4656588099896908,0.012414544122293591,83.1015625,,pass,inertia=926920; rel_delta=0,long_safe,kmeans_cpu__d-10__estimated_host_gib-0.037__implementation-numpy_matmul__k-5__max_iter-20__n-100000__profile-long_safe__repeat-3__run_id-long_safe_20260503_190133__seed-2__separation-2.0__threads-16,,0.037,,16,,,,20,2.0
long_safe_20260503_190133,2026-05-03T19:18:52+0800,linux_server_cpu,BI103202,kmeans,numba,cpu,linux_server_cpu,100000,,10,5,,,2,1.7307208916172385,0.5137618551962078,0.015770527999848127,188.01953125,,pass,inertia=926920; rel_delta=0,long_safe,kmeans_cpu__d-10__estimated_host_gib-0.037__implementation-numba__k-5__max_iter-20__n-100000__profile-long_safe__repeat-3__run_id-long_safe_20260503_190133__seed-2__separation-2.0__threads-16,,0.037,,16,,,,20,2.0
long_safe_20260503_190133,2026-05-03T19:19:03+0800,linux_server_cpu,BI103202,kmeans,numpy_matmul,cpu,linux_server_cpu,100000,,10,20,,,0,1.1673232498578727,1.1705732559785247,0.08337810193188488,165.234375,,pass,inertia=700636; rel_delta=0,long_safe,kmeans_cpu__d-10__estimated_host_gib-0.093__implementation-numpy_matmul__k-20__max_iter-20__n-100000__profile-long_safe__repeat-3__run_id-long_safe_20260503_190133__seed-0__separation-1.0__threads-16,,0.093,,16,,,,20,1.0
long_safe_20260503_190133,2026-05-03T19:19:12+0800,linux_server_cpu,BI103202,kmeans,numba,cpu,linux_server_cpu,100000,,10,20,,,0,1.7675550486892462,0.5345231415703893,0.02712935721501708,189.15234375,,pass,inertia=700636; rel_delta=0,long_safe,kmeans_cpu__d-10__estimated_host_gib-0.093__implementation-numba__k-20__max_iter-20__n-100000__profile-long_safe__repeat-3__run_id-long_safe_20260503_190133__seed-0__separation-1.0__threads-16,,0.093,,16,,,,20,1.0
long_safe_20260503_190133,2026-05-03T19:19:24+0800,linux_server_cpu,BI103202,kmeans,numpy_matmul,cpu,linux_server_cpu,100000,,10,20,,,1,1.2664511720649898,1.2890169462189078,0.08290480147115886,165.234375,,pass,inertia=710194; rel_delta=0,long_safe,kmeans_cpu__d-10__estimated_host_gib-0.093__implementation-numpy_matmul__k-20__max_iter-20__n-100000__profile-long_safe__repeat-3__run_id-long_safe_20260503_190133__seed-1__separation-1.0__threads-16,,0.093,,16,,,,20,1.0
long_safe_20260503_190133,2026-05-03T19:19:31+0800,linux_server_cpu,BI103202,kmeans,numba,cpu,linux_server_cpu,100000,,10,20,,,1,1.3461338160559535,0.31844843411818147,0.005144598428159952,189.33984375,,pass,inertia=710194; rel_delta=0,long_safe,kmeans_cpu__d-10__estimated_host_gib-0.093__implementation-numba__k-20__max_iter-20__n-100000__profile-long_safe__repeat-3__run_id-long_safe_20260503_190133__seed-1__separation-1.0__threads-16,,0.093,,16,,,,20,1.0
long_safe_20260503_190133,2026-05-03T19:19:39+0800,linux_server_cpu,BI103202,kmeans,numpy_matmul,cpu,linux_server_cpu,100000,,10,20,,,2,1.095923524349928,1.1159040457569063,0.060106734512373805,165.234375,,pass,inertia=710221; rel_delta=0,long_safe,kmeans_cpu__d-10__estimated_host_gib-0.093__implementation-numpy_matmul__k-20__max_iter-20__n-100000__profile-long_safe__repeat-3__run_id-long_safe_20260503_190133__seed-2__separation-1.0__threads-16,,0.093,,16,,,,20,1.0
long_safe_20260503_190133,2026-05-03T19:19:48+0800,linux_server_cpu,BI103202,kmeans,numba,cpu,linux_server_cpu,100000,,10,20,,,2,1.9381248191930354,0.5047304290346801,0.01788315223529935,189.7265625,,pass,inertia=710221; rel_delta=0,long_safe,kmeans_cpu__d-10__estimated_host_gib-0.093__implementation-numba__k-20__max_iter-20__n-100000__profile-long_safe__repeat-3__run_id-long_safe_20260503_190133__seed-2__separation-1.0__threads-16,,0.093,,16,,,,20,1.0
long_safe_20260503_190133,2026-05-03T19:20:01+0800,linux_server_cpu,BI103202,kmeans,numpy_matmul,cpu,linux_server_cpu,100000,,10,20,,,0,1.1700267042033374,1.7876693098805845,0.2840257624629885,165.234375,,pass,inertia=812293; rel_delta=0,long_safe,kmeans_cpu__d-10__estimated_host_gib-0.093__implementation-numpy_matmul__k-20__max_iter-20__n-100000__profile-long_safe__repeat-3__run_id-long_safe_20260503_190133__seed-0__separation-2.0__threads-16,,0.093,,16,,,,20,2.0
long_safe_20260503_190133,2026-05-03T19:20:07+0800,linux_server_cpu,BI103202,kmeans,numba,cpu,linux_server_cpu,100000,,10,20,,,0,1.7100753309205174,0.43466504476964474,0.011431335005909204,190.41015625,,pass,inertia=812293; rel_delta=0,long_safe,kmeans_cpu__d-10__estimated_host_gib-0.093__implementation-numba__k-20__max_iter-20__n-100000__profile-long_safe__repeat-3__run_id-long_safe_20260503_190133__seed-0__separation-2.0__threads-16,,0.093,,16,,,,20,2.0
long_safe_20260503_190133,2026-05-03T19:20:17+0800,linux_server_cpu,BI103202,kmeans,numpy_matmul,cpu,linux_server_cpu,100000,,10,20,,,1,1.6293995631858706,1.3874446940608323,0.13158452440984547,168.609375,,pass,inertia=830763; rel_delta=0,long_safe,kmeans_cpu__d-10__estimated_host_gib-0.093__implementation-numpy_matmul__k-20__max_iter-20__n-100000__profile-long_safe__repeat-3__run_id-long_safe_20260503_190133__seed-1__separation-2.0__threads-16,,0.093,,16,,,,20,2.0
long_safe_20260503_190133,2026-05-03T19:20:23+0800,linux_server_cpu,BI103202,kmeans,numba,cpu,linux_server_cpu,100000,,10,20,,,1,1.5495001897215843,0.4086243249475956,0.005304655758664012,190.86328125,,pass,inertia=830763; rel_delta=0,long_safe,kmeans_cpu__d-10__estimated_host_gib-0.093__implementation-numba__k-20__max_iter-20__n-100000__profile-long_safe__repeat-3__run_id-long_safe_20260503_190133__seed-1__separation-2.0__threads-16,,0.093,,16,,,,20,2.0
long_safe_20260503_190133,2026-05-03T19:20:31+0800,linux_server_cpu,BI103202,kmeans,numpy_matmul,cpu,linux_server_cpu,100000,,10,20,,,2,1.460527213755995,1.3366311737336218,0.1514211678877473,168.609375,,pass,inertia=833961; rel_delta=0,long_safe,kmeans_cpu__d-10__estimated_host_gib-0.093__implementation-numpy_matmul__k-20__max_iter-20__n-100000__profile-long_safe__repeat-3__run_id-long_safe_20260503_190133__seed-2__separation-2.0__threads-16,,0.093,,16,,,,20,2.0
long_safe_20260503_190133,2026-05-03T19:20:38+0800,linux_server_cpu,BI103202,kmeans,numba,cpu,linux_server_cpu,100000,,10,20,,,2,1.3300461978651583,0.3456722251139581,0.003970761317759752,189.1171875,,pass,inertia=833961; rel_delta=0,long_safe,kmeans_cpu__d-10__estimated_host_gib-0.093__implementation-numba__k-20__max_iter-20__n-100000__profile-long_safe__repeat-3__run_id-long_safe_20260503_190133__seed-2__separation-2.0__threads-16,,0.093,,16,,,,20,2.0
long_safe_20260503_190133,2026-05-03T19:20:48+0800,linux_server_cpu,BI103202,kmeans,numpy_matmul,cpu,linux_server_cpu,100000,,10,50,,,0,1.7780218361876905,1.4867881857790053,0.37827773950994015,182.2890625,,pass,inertia=601668; rel_delta=0,long_safe,kmeans_cpu__d-10__estimated_host_gib-0.205__implementation-numpy_matmul__k-50__max_iter-20__n-100000__profile-long_safe__repeat-3__run_id-long_safe_20260503_190133__seed-0__separation-1.0__threads-16,,0.205,,16,,,,20,1.0
long_safe_20260503_190133,2026-05-03T19:20:54+0800,linux_server_cpu,BI103202,kmeans,numba,cpu,linux_server_cpu,100000,,10,50,,,0,1.4683072492480278,0.4665493913926184,0.001128051895648241,231.58203125,,pass,inertia=601668; rel_delta=0,long_safe,kmeans_cpu__d-10__estimated_host_gib-0.205__implementation-numba__k-50__max_iter-20__n-100000__profile-long_safe__repeat-3__run_id-long_safe_20260503_190133__seed-0__separation-1.0__threads-16,,0.205,,16,,,,20,1.0
long_safe_20260503_190133,2026-05-03T19:21:00+0800,linux_server_cpu,BI103202,kmeans,numpy_matmul,cpu,linux_server_cpu,100000,,10,50,,,1,1.0466995988972485,1.033313810825348,0.003734047757461667,182.109375,,pass,inertia=599435; rel_delta=0,long_safe,kmeans_cpu__d-10__estimated_host_gib-0.205__implementation-numpy_matmul__k-50__max_iter-20__n-100000__profile-long_safe__repeat-3__run_id-long_safe_20260503_190133__seed-1__separation-1.0__threads-16,,0.205,,16,,,,20,1.0
long_safe_20260503_190133,2026-05-03T19:21:11+0800,linux_server_cpu,BI103202,kmeans,numba,cpu,linux_server_cpu,100000,,10,50,,,1,1.954773262143135,0.636333656962961,0.039845847291871905,231.51171875,,pass,inertia=599435; rel_delta=0,long_safe,kmeans_cpu__d-10__estimated_host_gib-0.205__implementation-numba__k-50__max_iter-20__n-100000__profile-long_safe__repeat-3__run_id-long_safe_20260503_190133__seed-1__separation-1.0__threads-16,,0.205,,16,,,,20,1.0
long_safe_20260503_190133,2026-05-03T19:21:25+0800,linux_server_cpu,BI103202,kmeans,numpy_matmul,cpu,linux_server_cpu,100000,,10,50,,,2,1.8936115577816963,1.672052436042577,0.18686290457844734,182.16796875,,pass,inertia=604200; rel_delta=0,long_safe,kmeans_cpu__d-10__estimated_host_gib-0.205__implementation-numpy_matmul__k-50__max_iter-20__n-100000__profile-long_safe__repeat-3__run_id-long_safe_20260503_190133__seed-2__separation-1.0__threads-16,,0.205,,16,,,,20,1.0
long_safe_20260503_190133,2026-05-03T19:21:33+0800,linux_server_cpu,BI103202,kmeans,numba,cpu,linux_server_cpu,100000,,10,50,,,2,2.0674534738063812,0.6800542138516903,0.06761339190416038,231.06640625,,pass,inertia=604200; rel_delta=0,long_safe,kmeans_cpu__d-10__estimated_host_gib-0.205__implementation-numba__k-50__max_iter-20__n-100000__profile-long_safe__repeat-3__run_id-long_safe_20260503_190133__seed-2__separation-1.0__threads-16,,0.205,,16,,,,20,1.0
long_safe_20260503_190133,2026-05-03T19:21:43+0800,linux_server_cpu,BI103202,kmeans,numpy_matmul,cpu,linux_server_cpu,100000,,10,50,,,0,1.6305445991456509,1.0707311881706119,0.01944282022304833,182.078125,,pass,inertia=736814; rel_delta=0,long_safe,kmeans_cpu__d-10__estimated_host_gib-0.205__implementation-numpy_matmul__k-50__max_iter-20__n-100000__profile-long_safe__repeat-3__run_id-long_safe_20260503_190133__seed-0__separation-2.0__threads-16,,0.205,,16,,,,20,2.0
long_safe_20260503_190133,2026-05-03T19:21:51+0800,linux_server_cpu,BI103202,kmeans,numba,cpu,linux_server_cpu,100000,,10,50,,,0,1.617568270303309,0.4723534011282027,0.010261138202622533,231.29296875,,pass,inertia=736814; rel_delta=0,long_safe,kmeans_cpu__d-10__estimated_host_gib-0.205__implementation-numba__k-50__max_iter-20__n-100000__profile-long_safe__repeat-3__run_id-long_safe_20260503_190133__seed-0__separation-2.0__threads-16,,0.205,,16,,,,20,2.0
long_safe_20260503_190133,2026-05-03T19:22:06+0800,linux_server_cpu,BI103202,kmeans,numpy_matmul,cpu,linux_server_cpu,100000,,10,50,,,1,1.6949690571054816,1.9059573309496045,0.26055761449970305,182.62890625,,pass,inertia=728817; rel_delta=0,long_safe,kmeans_cpu__d-10__estimated_host_gib-0.205__implementation-numpy_matmul__k-50__max_iter-20__n-100000__profile-long_safe__repeat-3__run_id-long_safe_20260503_190133__seed-1__separation-2.0__threads-16,,0.205,,16,,,,20,2.0
long_safe_20260503_190133,2026-05-03T19:22:12+0800,linux_server_cpu,BI103202,kmeans,numba,cpu,linux_server_cpu,100000,,10,50,,,1,1.7768305321224034,0.6103036641143262,0.013320569647476077,231.63671875,,pass,inertia=728817; rel_delta=0,long_safe,kmeans_cpu__d-10__estimated_host_gib-0.205__implementation-numba__k-50__max_iter-20__n-100000__profile-long_safe__repeat-3__run_id-long_safe_20260503_190133__seed-1__separation-2.0__threads-16,,0.205,,16,,,,20,2.0
long_safe_20260503_190133,2026-05-03T19:22:29+0800,linux_server_cpu,BI103202,kmeans,numpy_matmul,cpu,linux_server_cpu,100000,,10,50,,,2,2.255195685662329,2.3067440558224916,0.7099430914968252,182.12109375,,pass,inertia=742751; rel_delta=0,long_safe,kmeans_cpu__d-10__estimated_host_gib-0.205__implementation-numpy_matmul__k-50__max_iter-20__n-100000__profile-long_safe__repeat-3__run_id-long_safe_20260503_190133__seed-2__separation-2.0__threads-16,,0.205,,16,,,,20,2.0
long_safe_20260503_190133,2026-05-03T19:22:38+0800,linux_server_cpu,BI103202,kmeans,numba,cpu,linux_server_cpu,100000,,10,50,,,2,1.8870650879107416,0.6156918350607157,0.03866294305771589,231.484375,,pass,inertia=742751; rel_delta=0,long_safe,kmeans_cpu__d-10__estimated_host_gib-0.205__implementation-numba__k-50__max_iter-20__n-100000__profile-long_safe__repeat-3__run_id-long_safe_20260503_190133__seed-2__separation-2.0__threads-16,,0.205,,16,,,,20,2.0
long_safe_20260503_190133,2026-05-03T19:22:53+0800,linux_server_cpu,BI103202,kmeans,numpy_matmul,cpu,linux_server_cpu,100000,,64,5,,,0,1.4748018351383507,2.078452039975673,0.6686941974330693,270.046875,,pass,inertia=6.27743e+06; rel_delta=0,long_safe,kmeans_cpu__d-64__estimated_host_gib-0.138__implementation-numpy_matmul__k-5__max_iter-20__n-100000__profile-long_safe__repeat-3__run_id-long_safe_20260503_190133__seed-0__separation-1.0__threads-16,,0.138,,16,,,,20,1.0
long_safe_20260503_190133,2026-05-03T19:23:00+0800,linux_server_cpu,BI103202,kmeans,numba,cpu,linux_server_cpu,100000,,64,5,,,0,2.1579595780931413,1.0460110260173678,0.014190033776685596,377.21484375,,pass,inertia=6.27743e+06; rel_delta=0,long_safe,kmeans_cpu__d-64__estimated_host_gib-0.138__implementation-numba__k-5__max_iter-20__n-100000__profile-long_safe__repeat-3__run_id-long_safe_20260503_190133__seed-0__separation-1.0__threads-16,,0.138,,16,,,,20,1.0
long_safe_20260503_190133,2026-05-03T19:23:09+0800,linux_server_cpu,BI103202,kmeans,numpy_matmul,cpu,linux_server_cpu,100000,,64,5,,,1,1.191597853321582,1.1350870444439352,0.14194344100542367,270.9140625,,pass,inertia=6.27365e+06; rel_delta=0,long_safe,kmeans_cpu__d-64__estimated_host_gib-0.138__implementation-numpy_matmul__k-5__max_iter-20__n-100000__profile-long_safe__repeat-3__run_id-long_safe_20260503_190133__seed-1__separation-1.0__threads-16,,0.138,,16,,,,20,1.0
long_safe_20260503_190133,2026-05-03T19:23:20+0800,linux_server_cpu,BI103202,kmeans,numba,cpu,linux_server_cpu,100000,,64,5,,,1,2.2550468454137444,1.1280090124346316,0.029959009028971195,378.15234375,,pass,inertia=6.27365e+06; rel_delta=0,long_safe,kmeans_cpu__d-64__estimated_host_gib-0.138__implementation-numba__k-5__max_iter-20__n-100000__profile-long_safe__repeat-3__run_id-long_safe_20260503_190133__seed-1__separation-1.0__threads-16,,0.138,,16,,,,20,1.0
long_safe_20260503_190133,2026-05-03T19:23:29+0800,linux_server_cpu,BI103202,kmeans,numpy_matmul,cpu,linux_server_cpu,100000,,64,5,,,2,1.1613238118588924,1.2627410627901554,0.15873339609242976,269.73828125,,pass,inertia=6.28276e+06; rel_delta=0,long_safe,kmeans_cpu__d-64__estimated_host_gib-0.138__implementation-numpy_matmul__k-5__max_iter-20__n-100000__profile-long_safe__repeat-3__run_id-long_safe_20260503_190133__seed-2__separation-1.0__threads-16,,0.138,,16,,,,20,1.0
long_safe_20260503_190133,2026-05-03T19:23:43+0800,linux_server_cpu,BI103202,kmeans,numba,cpu,linux_server_cpu,100000,,64,5,,,2,2.654944958165288,1.6758997230790555,0.05141442455351353,377.47265625,,pass,inertia=6.28276e+06; rel_delta=0,long_safe,kmeans_cpu__d-64__estimated_host_gib-0.138__implementation-numba__k-5__max_iter-20__n-100000__profile-long_safe__repeat-3__run_id-long_safe_20260503_190133__seed-2__separation-1.0__threads-16,,0.138,,16,,,,20,1.0
long_safe_20260503_190133,2026-05-03T19:23:54+0800,linux_server_cpu,BI103202,kmeans,numpy_matmul,cpu,linux_server_cpu,100000,,64,5,,,0,0.9915800597518682,1.023494348861277,0.009637154405936599,268.66015625,,pass,inertia=6.33241e+06; rel_delta=0,long_safe,kmeans_cpu__d-64__estimated_host_gib-0.138__implementation-numpy_matmul__k-5__max_iter-20__n-100000__profile-long_safe__repeat-3__run_id-long_safe_20260503_190133__seed-0__separation-2.0__threads-16,,0.138,,16,,,,20,2.0
long_safe_20260503_190133,2026-05-03T19:24:06+0800,linux_server_cpu,BI103202,kmeans,numba,cpu,linux_server_cpu,100000,,64,5,,,0,2.457617491018027,1.2333602881990373,0.02305158437229693,376.421875,,pass,inertia=6.33241e+06; rel_delta=0,long_safe,kmeans_cpu__d-64__estimated_host_gib-0.138__implementation-numba__k-5__max_iter-20__n-100000__profile-long_safe__repeat-3__run_id-long_safe_20260503_190133__seed-0__separation-2.0__threads-16,,0.138,,16,,,,20,2.0
long_safe_20260503_190133,2026-05-03T19:24:20+0800,linux_server_cpu,BI103202,kmeans,numpy_matmul,cpu,linux_server_cpu,100000,,64,5,,,1,1.897257971111685,2.710009619127959,0.48260921495966613,272.375,,pass,inertia=6.33421e+06; rel_delta=0,long_safe,kmeans_cpu__d-64__estimated_host_gib-0.138__implementation-numpy_matmul__k-5__max_iter-20__n-100000__profile-long_safe__repeat-3__run_id-long_safe_20260503_190133__seed-1__separation-2.0__threads-16,,0.138,,16,,,,20,2.0
long_safe_20260503_190133,2026-05-03T19:24:29+0800,linux_server_cpu,BI103202,kmeans,numba,cpu,linux_server_cpu,100000,,64,5,,,1,2.094482284039259,0.9229694660753012,0.015390590066090226,379.9765625,,pass,inertia=6.33421e+06; rel_delta=0,long_safe,kmeans_cpu__d-64__estimated_host_gib-0.138__implementation-numba__k-5__max_iter-20__n-100000__profile-long_safe__repeat-3__run_id-long_safe_20260503_190133__seed-1__separation-2.0__threads-16,,0.138,,16,,,,20,2.0
long_safe_20260503_190133,2026-05-03T19:24:42+0800,linux_server_cpu,BI103202,kmeans,numpy_matmul,cpu,linux_server_cpu,100000,,64,5,,,2,1.679872428998351,1.4390140078030527,0.22519938996993005,267.515625,,pass,inertia=6.34251e+06; rel_delta=0,long_safe,kmeans_cpu__d-64__estimated_host_gib-0.138__implementation-numpy_matmul__k-5__max_iter-20__n-100000__profile-long_safe__repeat-3__run_id-long_safe_20260503_190133__seed-2__separation-2.0__threads-16,,0.138,,16,,,,20,2.0
long_safe_20260503_190133,2026-05-03T19:24:53+0800,linux_server_cpu,BI103202,kmeans,numba,cpu,linux_server_cpu,100000,,64,5,,,2,2.8517363271676004,1.6230967761948705,0.24139354308135808,375.3046875,,pass,inertia=6.34251e+06; rel_delta=0,long_safe,kmeans_cpu__d-64__estimated_host_gib-0.138__implementation-numba__k-5__max_iter-20__n-100000__profile-long_safe__repeat-3__run_id-long_safe_20260503_190133__seed-2__separation-2.0__threads-16,,0.138,,16,,,,20,2.0
long_safe_20260503_190133,2026-05-03T19:25:08+0800,linux_server_cpu,BI103202,kmeans,numpy_matmul,cpu,linux_server_cpu,100000,,64,20,,,0,1.8306108671240509,1.9690421419218183,0.11944686155766249,300.48828125,,pass,inertia=6.10185e+06; rel_delta=0,long_safe,kmeans_cpu__d-64__estimated_host_gib-0.194__implementation-numpy_matmul__k-20__max_iter-20__n-100000__profile-long_safe__repeat-3__run_id-long_safe_20260503_190133__seed-0__separation-1.0__threads-16,,0.194,,16,,,,20,1.0
long_safe_20260503_190133,2026-05-03T19:25:23+0800,linux_server_cpu,BI103202,kmeans,numba,cpu,linux_server_cpu,100000,,64,20,,,0,2.808104606810957,1.4393030270002782,0.11014782707206905,365.6953125,,pass,inertia=6.10185e+06; rel_delta=0,long_safe,kmeans_cpu__d-64__estimated_host_gib-0.194__implementation-numba__k-20__max_iter-20__n-100000__profile-long_safe__repeat-3__run_id-long_safe_20260503_190133__seed-0__separation-1.0__threads-16,,0.194,,16,,,,20,1.0
long_safe_20260503_190133,2026-05-03T19:25:38+0800,linux_server_cpu,BI103202,kmeans,numpy_matmul,cpu,linux_server_cpu,100000,,64,20,,,1,1.6856854041107,1.9109794292598963,0.3498281368520111,300.3359375,,pass,inertia=6.09487e+06; rel_delta=0,long_safe,kmeans_cpu__d-64__estimated_host_gib-0.194__implementation-numpy_matmul__k-20__max_iter-20__n-100000__profile-long_safe__repeat-3__run_id-long_safe_20260503_190133__seed-1__separation-1.0__threads-16,,0.194,,16,,,,20,1.0
long_safe_20260503_190133,2026-05-03T19:25:53+0800,linux_server_cpu,BI103202,kmeans,numba,cpu,linux_server_cpu,100000,,64,20,,,1,2.623764059972018,1.6834734766744077,0.12420940143056214,384.90625,,pass,inertia=6.09487e+06; rel_delta=0,long_safe,kmeans_cpu__d-64__estimated_host_gib-0.194__implementation-numba__k-20__max_iter-20__n-100000__profile-long_safe__repeat-3__run_id-long_safe_20260503_190133__seed-1__separation-1.0__threads-16,,0.194,,16,,,,20,1.0
long_safe_20260503_190133,2026-05-03T19:26:08+0800,linux_server_cpu,BI103202,kmeans,numpy_matmul,cpu,linux_server_cpu,100000,,64,20,,,2,1.7516542943194509,1.9528271830640733,0.24405835988000035,300.58984375,,pass,inertia=6.09962e+06; rel_delta=0,long_safe,kmeans_cpu__d-64__estimated_host_gib-0.194__implementation-numpy_matmul__k-20__max_iter-20__n-100000__profile-long_safe__repeat-3__run_id-long_safe_20260503_190133__seed-2__separation-1.0__threads-16,,0.194,,16,,,,20,1.0
long_safe_20260503_190133,2026-05-03T19:26:16+0800,linux_server_cpu,BI103202,kmeans,numba,cpu,linux_server_cpu,100000,,64,20,,,2,2.6616479330696166,0.841555820312351,0.009328681044280529,385.3125,,pass,inertia=6.09962e+06; rel_delta=0,long_safe,kmeans_cpu__d-64__estimated_host_gib-0.194__implementation-numba__k-20__max_iter-20__n-100000__profile-long_safe__repeat-3__run_id-long_safe_20260503_190133__seed-2__separation-1.0__threads-16,,0.194,,16,,,,20,1.0
long_safe_20260503_190133,2026-05-03T19:26:27+0800,linux_server_cpu,BI103202,kmeans,numpy_matmul,cpu,linux_server_cpu,100000,,64,20,,,0,1.537970518693328,1.4184181881137192,0.06041451287455857,300.54296875,,pass,inertia=6.24235e+06; rel_delta=0,long_safe,kmeans_cpu__d-64__estimated_host_gib-0.194__implementation-numpy_matmul__k-20__max_iter-20__n-100000__profile-long_safe__repeat-3__run_id-long_safe_20260503_190133__seed-0__separation-2.0__threads-16,,0.194,,16,,,,20,2.0
long_safe_20260503_190133,2026-05-03T19:26:37+0800,linux_server_cpu,BI103202,kmeans,numba,cpu,linux_server_cpu,100000,,64,20,,,0,2.40986606804654,1.2099855532869697,0.034765968564897776,365.390625,,pass,inertia=6.24235e+06; rel_delta=0,long_safe,kmeans_cpu__d-64__estimated_host_gib-0.194__implementation-numba__k-20__max_iter-20__n-100000__profile-long_safe__repeat-3__run_id-long_safe_20260503_190133__seed-0__separation-2.0__threads-16,,0.194,,16,,,,20,2.0
long_safe_20260503_190133,2026-05-03T19:26:46+0800,linux_server_cpu,BI103202,kmeans,numpy_matmul,cpu,linux_server_cpu,100000,,64,20,,,1,1.3411988010630012,1.2361201839521527,0.05987752298824489,300.60546875,,pass,inertia=6.25219e+06; rel_delta=0,long_safe,kmeans_cpu__d-64__estimated_host_gib-0.194__implementation-numpy_matmul__k-20__max_iter-20__n-100000__profile-long_safe__repeat-3__run_id-long_safe_20260503_190133__seed-1__separation-2.0__threads-16,,0.194,,16,,,,20,2.0
long_safe_20260503_190133,2026-05-03T19:26:58+0800,linux_server_cpu,BI103202,kmeans,numba,cpu,linux_server_cpu,100000,,64,20,,,1,2.4757006061263382,1.293054617010057,0.10821983963251114,385.1953125,,pass,inertia=6.25219e+06; rel_delta=0,long_safe,kmeans_cpu__d-64__estimated_host_gib-0.194__implementation-numba__k-20__max_iter-20__n-100000__profile-long_safe__repeat-3__run_id-long_safe_20260503_190133__seed-1__separation-2.0__threads-16,,0.194,,16,,,,20,2.0
long_safe_20260503_190133,2026-05-03T19:27:07+0800,linux_server_cpu,BI103202,kmeans,numpy_matmul,cpu,linux_server_cpu,100000,,64,20,,,2,1.630593728274107,1.54222208308056,0.23501024930737913,300.40625,,pass,inertia=6.2509e+06; rel_delta=0,long_safe,kmeans_cpu__d-64__estimated_host_gib-0.194__implementation-numpy_matmul__k-20__max_iter-20__n-100000__profile-long_safe__repeat-3__run_id-long_safe_20260503_190133__seed-2__separation-2.0__threads-16,,0.194,,16,,,,20,2.0
long_safe_20260503_190133,2026-05-03T19:27:20+0800,linux_server_cpu,BI103202,kmeans,numba,cpu,linux_server_cpu,100000,,64,20,,,2,2.962611583992839,1.6209984947927296,0.04078114381991327,384.83984375,,pass,inertia=6.2509e+06; rel_delta=0,long_safe,kmeans_cpu__d-64__estimated_host_gib-0.194__implementation-numba__k-20__max_iter-20__n-100000__profile-long_safe__repeat-3__run_id-long_safe_20260503_190133__seed-2__separation-2.0__threads-16,,0.194,,16,,,,20,2.0
long_safe_20260503_190133,2026-05-03T19:27:43+0800,linux_server_cpu,BI103202,kmeans,numpy_matmul,cpu,linux_server_cpu,100000,,64,50,,,0,3.582774776034057,2.8769523981027305,0.7383423550054431,289.0390625,,pass,inertia=5.93921e+06; rel_delta=0,long_safe,kmeans_cpu__d-64__estimated_host_gib-0.306__implementation-numpy_matmul__k-50__max_iter-20__n-100000__profile-long_safe__repeat-3__run_id-long_safe_20260503_190133__seed-0__separation-1.0__threads-16,,0.306,,16,,,,20,1.0
long_safe_20260503_190133,2026-05-03T19:27:52+0800,linux_server_cpu,BI103202,kmeans,numba,cpu,linux_server_cpu,100000,,64,50,,,0,2.0664019230753183,0.9465959710069001,0.010137922829017043,364.8828125,,pass,inertia=5.93921e+06; rel_delta=0,long_safe,kmeans_cpu__d-64__estimated_host_gib-0.306__implementation-numba__k-50__max_iter-20__n-100000__profile-long_safe__repeat-3__run_id-long_safe_20260503_190133__seed-0__separation-1.0__threads-16,,0.306,,16,,,,20,1.0
long_safe_20260503_190133,2026-05-03T19:28:03+0800,linux_server_cpu,BI103202,kmeans,numpy_matmul,cpu,linux_server_cpu,100000,,64,50,,,1,1.6019908390007913,1.6731767412275076,0.10890235449187458,284.5546875,,pass,inertia=5.93839e+06; rel_delta=0,long_safe,kmeans_cpu__d-64__estimated_host_gib-0.306__implementation-numpy_matmul__k-50__max_iter-20__n-100000__profile-long_safe__repeat-3__run_id-long_safe_20260503_190133__seed-1__separation-1.0__threads-16,,0.306,,16,,,,20,1.0
long_safe_20260503_190133,2026-05-03T19:28:12+0800,linux_server_cpu,BI103202,kmeans,numba,cpu,linux_server_cpu,100000,,64,50,,,1,2.214729906991124,1.0121326320804656,0.0008197689894586802,360.0625,,pass,inertia=5.93839e+06; rel_delta=0,long_safe,kmeans_cpu__d-64__estimated_host_gib-0.306__implementation-numba__k-50__max_iter-20__n-100000__profile-long_safe__repeat-3__run_id-long_safe_20260503_190133__seed-1__separation-1.0__threads-16,,0.306,,16,,,,20,1.0
long_safe_20260503_190133,2026-05-03T19:28:26+0800,linux_server_cpu,BI103202,kmeans,numpy_matmul,cpu,linux_server_cpu,100000,,64,50,,,2,1.83579381974414,1.5948368939571083,0.0786193679086864,286.69921875,,pass,inertia=5.94371e+06; rel_delta=0,long_safe,kmeans_cpu__d-64__estimated_host_gib-0.306__implementation-numpy_matmul__k-50__max_iter-20__n-100000__profile-long_safe__repeat-3__run_id-long_safe_20260503_190133__seed-2__separation-1.0__threads-16,,0.306,,16,,,,20,1.0
long_safe_20260503_190133,2026-05-03T19:28:38+0800,linux_server_cpu,BI103202,kmeans,numba,cpu,linux_server_cpu,100000,,64,50,,,2,1.9758019368164241,0.9228586819954216,0.02906816196627915,362.3671875,,pass,inertia=5.94371e+06; rel_delta=0,long_safe,kmeans_cpu__d-64__estimated_host_gib-0.306__implementation-numba__k-50__max_iter-20__n-100000__profile-long_safe__repeat-3__run_id-long_safe_20260503_190133__seed-2__separation-1.0__threads-16,,0.306,,16,,,,20,1.0
long_safe_20260503_190133,2026-05-03T19:28:55+0800,linux_server_cpu,BI103202,kmeans,numpy_matmul,cpu,linux_server_cpu,100000,,64,50,,,0,2.4456865238025784,2.5568379811011255,0.5388690917752683,288.2109375,,pass,inertia=6.17253e+06; rel_delta=0,long_safe,kmeans_cpu__d-64__estimated_host_gib-0.306__implementation-numpy_matmul__k-50__max_iter-20__n-100000__profile-long_safe__repeat-3__run_id-long_safe_20260503_190133__seed-0__separation-2.0__threads-16,,0.306,,16,,,,20,2.0
long_safe_20260503_190133,2026-05-03T19:29:07+0800,linux_server_cpu,BI103202,kmeans,numba,cpu,linux_server_cpu,100000,,64,50,,,0,2.892396871931851,1.5901692630723119,0.04189761751331389,363.53515625,,pass,inertia=6.17253e+06; rel_delta=0,long_safe,kmeans_cpu__d-64__estimated_host_gib-0.306__implementation-numba__k-50__max_iter-20__n-100000__profile-long_safe__repeat-3__run_id-long_safe_20260503_190133__seed-0__separation-2.0__threads-16,,0.306,,16,,,,20,2.0
long_safe_20260503_190133,2026-05-03T19:29:21+0800,linux_server_cpu,BI103202,kmeans,numpy_matmul,cpu,linux_server_cpu,100000,,64,50,,,1,1.9047667980194092,1.9675648217089474,0.11400640406645834,285.84375,,pass,inertia=6.16645e+06; rel_delta=0,long_safe,kmeans_cpu__d-64__estimated_host_gib-0.306__implementation-numpy_matmul__k-50__max_iter-20__n-100000__profile-long_safe__repeat-3__run_id-long_safe_20260503_190133__seed-1__separation-2.0__threads-16,,0.306,,16,,,,20,2.0
long_safe_20260503_190133,2026-05-03T19:29:37+0800,linux_server_cpu,BI103202,kmeans,numba,cpu,linux_server_cpu,100000,,64,50,,,1,3.31974572269246,1.8065522816032171,0.024304897524416447,361.3515625,,pass,inertia=6.16645e+06; rel_delta=0,long_safe,kmeans_cpu__d-64__estimated_host_gib-0.306__implementation-numba__k-50__max_iter-20__n-100000__profile-long_safe__repeat-3__run_id-long_safe_20260503_190133__seed-1__separation-2.0__threads-16,,0.306,,16,,,,20,2.0
long_safe_20260503_190133,2026-05-03T19:29:54+0800,linux_server_cpu,BI103202,kmeans,numpy_matmul,cpu,linux_server_cpu,100000,,64,50,,,2,2.467812854796648,2.615556519012898,0.22238021669909358,286.80078125,,pass,inertia=6.17666e+06; rel_delta=0,long_safe,kmeans_cpu__d-64__estimated_host_gib-0.306__implementation-numpy_matmul__k-50__max_iter-20__n-100000__profile-long_safe__repeat-3__run_id-long_safe_20260503_190133__seed-2__separation-2.0__threads-16,,0.306,,16,,,,20,2.0
long_safe_20260503_190133,2026-05-03T19:30:03+0800,linux_server_cpu,BI103202,kmeans,numba,cpu,linux_server_cpu,100000,,64,50,,,2,2.2329146810807288,0.9619422904215753,0.030560038285329938,362.3984375,,pass,inertia=6.17666e+06; rel_delta=0,long_safe,kmeans_cpu__d-64__estimated_host_gib-0.306__implementation-numba__k-50__max_iter-20__n-100000__profile-long_safe__repeat-3__run_id-long_safe_20260503_190133__seed-2__separation-2.0__threads-16,,0.306,,16,,,,20,2.0
long_safe_20260503_190133,2026-05-03T19:30:21+0800,linux_server_cpu,BI103202,kmeans,numpy_matmul,cpu,linux_server_cpu,100000,,256,5,,,0,2.701991215813905,2.8226556326262653,0.093725701328367,864.69140625,,pass,inertia=2.54713e+07; rel_delta=0,long_safe,kmeans_cpu__d-256__estimated_host_gib-0.495__implementation-numpy_matmul__k-5__max_iter-20__n-100000__profile-long_safe__repeat-3__run_id-long_safe_20260503_190133__seed-0__separation-1.0__threads-16,,0.495,,16,,,,20,1.0
long_safe_20260503_190133,2026-05-03T19:30:41+0800,linux_server_cpu,BI103202,kmeans,numba,cpu,linux_server_cpu,100000,,256,5,,,0,3.4815579978749156,2.449447718448937,0.07834802009165287,973.640625,,pass,inertia=2.54713e+07; rel_delta=0,long_safe,kmeans_cpu__d-256__estimated_host_gib-0.495__implementation-numba__k-5__max_iter-20__n-100000__profile-long_safe__repeat-3__run_id-long_safe_20260503_190133__seed-0__separation-1.0__threads-16,,0.495,,16,,,,20,1.0
long_safe_20260503_190133,2026-05-03T19:31:23+0800,linux_server_cpu,BI103202,kmeans,numpy_matmul,cpu,linux_server_cpu,100000,,256,5,,,1,13.35358817782253,3.899019028991461,0.16788089834153652,869.69921875,,pass,inertia=2.54698e+07; rel_delta=0,long_safe,kmeans_cpu__d-256__estimated_host_gib-0.495__implementation-numpy_matmul__k-5__max_iter-20__n-100000__profile-long_safe__repeat-3__run_id-long_safe_20260503_190133__seed-1__separation-1.0__threads-16,,0.495,,16,,,,20,1.0
long_safe_20260503_190133,2026-05-03T19:31:48+0800,linux_server_cpu,BI103202,kmeans,numba,cpu,linux_server_cpu,100000,,256,5,,,1,4.7005500621162355,3.7049600086174905,0.09444039803929627,976.171875,,pass,inertia=2.54698e+07; rel_delta=0,long_safe,kmeans_cpu__d-256__estimated_host_gib-0.495__implementation-numba__k-5__max_iter-20__n-100000__profile-long_safe__repeat-3__run_id-long_safe_20260503_190133__seed-1__separation-1.0__threads-16,,0.495,,16,,,,20,1.0
long_safe_20260503_190133,2026-05-03T19:32:22+0800,linux_server_cpu,BI103202,kmeans,numpy_matmul,cpu,linux_server_cpu,100000,,256,5,,,2,3.352690821979195,3.510692150797695,0.08862223313190043,864.4921875,,pass,inertia=2.54741e+07; rel_delta=0,long_safe,kmeans_cpu__d-256__estimated_host_gib-0.495__implementation-numpy_matmul__k-5__max_iter-20__n-100000__profile-long_safe__repeat-3__run_id-long_safe_20260503_190133__seed-2__separation-1.0__threads-16,,0.495,,16,,,,20,1.0
long_safe_20260503_190133,2026-05-03T19:32:56+0800,linux_server_cpu,BI103202,kmeans,numba,cpu,linux_server_cpu,100000,,256,5,,,2,5.92777905985713,6.5940545266494155,1.4604676880408078,975.203125,,pass,inertia=2.54741e+07; rel_delta=0,long_safe,kmeans_cpu__d-256__estimated_host_gib-0.495__implementation-numba__k-5__max_iter-20__n-100000__profile-long_safe__repeat-3__run_id-long_safe_20260503_190133__seed-2__separation-1.0__threads-16,,0.495,,16,,,,20,1.0
long_safe_20260503_190133,2026-05-03T19:33:16+0800,linux_server_cpu,BI103202,kmeans,numpy_matmul,cpu,linux_server_cpu,100000,,256,5,,,0,3.219492506235838,3.7113480521366,0.14625439513474703,865.87890625,,pass,inertia=2.55281e+07; rel_delta=0,long_safe,kmeans_cpu__d-256__estimated_host_gib-0.495__implementation-numpy_matmul__k-5__max_iter-20__n-100000__profile-long_safe__repeat-3__run_id-long_safe_20260503_190133__seed-0__separation-2.0__threads-16,,0.495,,16,,,,20,2.0
long_safe_20260503_190133,2026-05-03T19:33:36+0800,linux_server_cpu,BI103202,kmeans,numba,cpu,linux_server_cpu,100000,,256,5,,,0,4.356179482769221,3.254821745213121,0.05295480717904866,975.52734375,,pass,inertia=2.55281e+07; rel_delta=0,long_safe,kmeans_cpu__d-256__estimated_host_gib-0.495__implementation-numba__k-5__max_iter-20__n-100000__profile-long_safe__repeat-3__run_id-long_safe_20260503_190133__seed-0__separation-2.0__threads-16,,0.495,,16,,,,20,2.0
long_safe_20260503_190133,2026-05-03T19:34:09+0800,linux_server_cpu,BI103202,kmeans,numpy_matmul,cpu,linux_server_cpu,100000,,256,5,,,1,7.133498427923769,6.362596858758479,0.8999535629991442,869.11328125,,pass,inertia=2.55268e+07; rel_delta=0,long_safe,kmeans_cpu__d-256__estimated_host_gib-0.495__implementation-numpy_matmul__k-5__max_iter-20__n-100000__profile-long_safe__repeat-3__run_id-long_safe_20260503_190133__seed-1__separation-2.0__threads-16,,0.495,,16,,,,20,2.0
long_safe_20260503_190133,2026-05-03T19:34:29+0800,linux_server_cpu,BI103202,kmeans,numba,cpu,linux_server_cpu,100000,,256,5,,,1,3.8895530300214887,2.808744850102812,0.12772603682242334,975.08203125,,pass,inertia=2.55268e+07; rel_delta=0,long_safe,kmeans_cpu__d-256__estimated_host_gib-0.495__implementation-numba__k-5__max_iter-20__n-100000__profile-long_safe__repeat-3__run_id-long_safe_20260503_190133__seed-1__separation-2.0__threads-16,,0.495,,16,,,,20,2.0
long_safe_20260503_190133,2026-05-03T19:34:49+0800,linux_server_cpu,BI103202,kmeans,numpy_matmul,cpu,linux_server_cpu,100000,,256,5,,,2,3.2662504608742893,2.8908213623799384,0.15381541731767356,867.76171875,,pass,inertia=2.55262e+07; rel_delta=0,long_safe,kmeans_cpu__d-256__estimated_host_gib-0.495__implementation-numpy_matmul__k-5__max_iter-20__n-100000__profile-long_safe__repeat-3__run_id-long_safe_20260503_190133__seed-2__separation-2.0__threads-16,,0.495,,16,,,,20,2.0
long_safe_20260503_190133,2026-05-03T19:35:23+0800,linux_server_cpu,BI103202,kmeans,numba,cpu,linux_server_cpu,100000,,256,5,,,2,7.409993153996766,5.911946496926248,0.6890753307379782,974.66796875,,pass,inertia=2.55262e+07; rel_delta=0,long_safe,kmeans_cpu__d-256__estimated_host_gib-0.495__implementation-numba__k-5__max_iter-20__n-100000__profile-long_safe__repeat-3__run_id-long_safe_20260503_190133__seed-2__separation-2.0__threads-16,,0.495,,16,,,,20,2.0
long_safe_20260503_190133,2026-05-03T19:35:56+0800,linux_server_cpu,BI103202,kmeans,numpy_matmul,cpu,linux_server_cpu,100000,,256,20,,,0,4.999015378765762,5.773759873118252,0.7070318434853107,875.7890625,,pass,inertia=2.52694e+07; rel_delta=0,long_safe,kmeans_cpu__d-256__estimated_host_gib-0.551__implementation-numpy_matmul__k-20__max_iter-20__n-100000__profile-long_safe__repeat-3__run_id-long_safe_20260503_190133__seed-0__separation-1.0__threads-16,,0.551,,16,,,,20,1.0
long_safe_20260503_190133,2026-05-03T19:36:33+0800,linux_server_cpu,BI103202,kmeans,numba,cpu,linux_server_cpu,100000,,256,20,,,0,6.1258574509993196,6.8819660493172705,0.7029780575539917,974.9140625,,pass,inertia=2.52694e+07; rel_delta=0,long_safe,kmeans_cpu__d-256__estimated_host_gib-0.551__implementation-numba__k-20__max_iter-20__n-100000__profile-long_safe__repeat-3__run_id-long_safe_20260503_190133__seed-0__separation-1.0__threads-16,,0.551,,16,,,,20,1.0
long_safe_20260503_190133,2026-05-03T19:37:11+0800,linux_server_cpu,BI103202,kmeans,numpy_matmul,cpu,linux_server_cpu,100000,,256,20,,,1,6.545980934053659,5.883230142761022,2.121890376554802,886.79296875,,pass,inertia=2.52699e+07; rel_delta=0,long_safe,kmeans_cpu__d-256__estimated_host_gib-0.551__implementation-numpy_matmul__k-20__max_iter-20__n-100000__profile-long_safe__repeat-3__run_id-long_safe_20260503_190133__seed-1__separation-1.0__threads-16,,0.551,,16,,,,20,1.0
long_safe_20260503_190133,2026-05-03T19:37:48+0800,linux_server_cpu,BI103202,kmeans,numba,cpu,linux_server_cpu,100000,,256,20,,,1,8.458407515194267,5.312653649132699,1.5520900872070342,973.05078125,,pass,inertia=2.52699e+07; rel_delta=0,long_safe,kmeans_cpu__d-256__estimated_host_gib-0.551__implementation-numba__k-20__max_iter-20__n-100000__profile-long_safe__repeat-3__run_id-long_safe_20260503_190133__seed-1__separation-1.0__threads-16,,0.551,,16,,,,20,1.0
long_safe_20260503_190133,2026-05-03T19:38:13+0800,linux_server_cpu,BI103202,kmeans,numpy_matmul,cpu,linux_server_cpu,100000,,256,20,,,2,3.922570378985256,3.6912193531170487,0.007610562490299344,880.98828125,,pass,inertia=2.52732e+07; rel_delta=0,long_safe,kmeans_cpu__d-256__estimated_host_gib-0.551__implementation-numpy_matmul__k-20__max_iter-20__n-100000__profile-long_safe__repeat-3__run_id-long_safe_20260503_190133__seed-2__separation-1.0__threads-16,,0.551,,16,,,,20,1.0
long_safe_20260503_190133,2026-05-03T19:38:45+0800,linux_server_cpu,BI103202,kmeans,numba,cpu,linux_server_cpu,100000,,256,20,,,2,6.270237222313881,5.809042893350124,0.9602648541331291,973.71484375,,pass,inertia=2.52732e+07; rel_delta=0,long_safe,kmeans_cpu__d-256__estimated_host_gib-0.551__implementation-numba__k-20__max_iter-20__n-100000__profile-long_safe__repeat-3__run_id-long_safe_20260503_190133__seed-2__separation-1.0__threads-16,,0.551,,16,,,,20,1.0
long_safe_20260503_190133,2026-05-03T19:39:13+0800,linux_server_cpu,BI103202,kmeans,numpy_matmul,cpu,linux_server_cpu,100000,,256,20,,,0,4.667420647107065,4.249224422033876,0.39582437416538596,876.4453125,,pass,inertia=2.54631e+07; rel_delta=0,long_safe,kmeans_cpu__d-256__estimated_host_gib-0.551__implementation-numpy_matmul__k-20__max_iter-20__n-100000__profile-long_safe__repeat-3__run_id-long_safe_20260503_190133__seed-0__separation-2.0__threads-16,,0.551,,16,,,,20,2.0
long_safe_20260503_190133,2026-05-03T19:39:34+0800,linux_server_cpu,BI103202,kmeans,numba,cpu,linux_server_cpu,100000,,256,20,,,0,4.837726542726159,3.2927814396098256,0.07834704546257854,974.75,,pass,inertia=2.54631e+07; rel_delta=0,long_safe,kmeans_cpu__d-256__estimated_host_gib-0.551__implementation-numba__k-20__max_iter-20__n-100000__profile-long_safe__repeat-3__run_id-long_safe_20260503_190133__seed-0__separation-2.0__threads-16,,0.551,,16,,,,20,2.0
long_safe_20260503_190133,2026-05-03T19:39:57+0800,linux_server_cpu,BI103202,kmeans,numpy_matmul,cpu,linux_server_cpu,100000,,256,20,,,1,3.621746734715998,3.5525675960816443,0.04488290543667972,887.78125,,pass,inertia=2.54725e+07; rel_delta=0,long_safe,kmeans_cpu__d-256__estimated_host_gib-0.551__implementation-numpy_matmul__k-20__max_iter-20__n-100000__profile-long_safe__repeat-3__run_id-long_safe_20260503_190133__seed-1__separation-2.0__threads-16,,0.551,,16,,,,20,2.0
long_safe_20260503_190133,2026-05-03T19:40:16+0800,linux_server_cpu,BI103202,kmeans,numba,cpu,linux_server_cpu,100000,,256,20,,,1,4.026284242980182,3.0220413180068135,0.09634859603829682,973.4609375,,pass,inertia=2.54725e+07; rel_delta=0,long_safe,kmeans_cpu__d-256__estimated_host_gib-0.551__implementation-numba__k-20__max_iter-20__n-100000__profile-long_safe__repeat-3__run_id-long_safe_20260503_190133__seed-1__separation-2.0__threads-16,,0.551,,16,,,,20,2.0
long_safe_20260503_190133,2026-05-03T19:41:11+0800,linux_server_cpu,BI103202,kmeans,numpy_matmul,cpu,linux_server_cpu,100000,,256,20,,,2,3.3588811536319554,3.423756013158709,0.1636342634446919,880.46484375,,pass,inertia=2.54821e+07; rel_delta=0,long_safe,kmeans_cpu__d-256__estimated_host_gib-0.551__implementation-numpy_matmul__k-20__max_iter-20__n-100000__profile-long_safe__repeat-3__run_id-long_safe_20260503_190133__seed-2__separation-2.0__threads-16,,0.551,,16,,,,20,2.0
long_safe_20260503_190133,2026-05-03T19:41:11+0800,linux_server_cpu,BI103202,kmeans,numba,cpu,linux_server_cpu,100000,,256,20,,,2,4.202053084969521,3.0538409086875618,0.12726987013593316,973.5859375,,pass,inertia=2.54821e+07; rel_delta=0,long_safe,kmeans_cpu__d-256__estimated_host_gib-0.551__implementation-numba__k-20__max_iter-20__n-100000__profile-long_safe__repeat-3__run_id-long_safe_20260503_190133__seed-2__separation-2.0__threads-16,,0.551,,16,,,,20,2.0
long_safe_20260503_190133,2026-05-03T19:41:34+0800,linux_server_cpu,BI103202,kmeans,numba,cpu,linux_server_cpu,100000,,256,50,,,0,4.744068555999547,3.749501597136259,0.023008171236142516,977.3515625,,pass,inertia=2.50847e+07; rel_delta=0,long_safe,kmeans_cpu__d-256__estimated_host_gib-0.663__implementation-numba__k-50__max_iter-20__n-100000__profile-long_safe__repeat-3__run_id-long_safe_20260503_190133__seed-0__separation-1.0__threads-16,,0.663,,16,,,,20,1.0
long_safe_20260503_190133,2026-05-03T19:41:45+0800,linux_server_cpu,BI103202,kmeans,numpy_matmul,cpu,linux_server_cpu,100000,,256,50,,,0,5.797697696834803,6.1846113870851696,0.6227590320631862,901.69921875,,pass,inertia=2.50847e+07; rel_delta=0,long_safe,kmeans_cpu__d-256__estimated_host_gib-0.663__implementation-numpy_matmul__k-50__max_iter-20__n-100000__profile-long_safe__repeat-3__run_id-long_safe_20260503_190133__seed-0__separation-1.0__threads-16,,0.663,,16,,,,20,1.0
long_safe_20260503_190133,2026-05-03T19:41:57+0800,linux_server_cpu,BI103202,kmeans,numpy_matmul,cpu,linux_server_cpu,100000,,256,50,,,1,3.6307246210053563,3.222753261681646,0.2819585760589689,891.46875,,pass,inertia=2.50821e+07; rel_delta=0,long_safe,kmeans_cpu__d-256__estimated_host_gib-0.663__implementation-numpy_matmul__k-50__max_iter-20__n-100000__profile-long_safe__repeat-3__run_id-long_safe_20260503_190133__seed-1__separation-1.0__threads-16,,0.663,,16,,,,20,1.0
long_safe_20260503_190133,2026-05-03T19:42:56+0800,linux_server_cpu,BI103202,kmeans,numpy_matmul,cpu,linux_server_cpu,100000,,256,50,,,0,3.7138212197460234,3.438758681062609,0.129710141569376,901.1015625,,pass,inertia=2.53649e+07; rel_delta=0,long_safe,kmeans_cpu__d-256__estimated_host_gib-0.663__implementation-numpy_matmul__k-50__max_iter-20__n-100000__profile-long_safe__repeat-3__run_id-long_safe_20260503_190133__seed-0__separation-2.0__threads-16,,0.663,,16,,,,20,2.0
long_safe_20260503_190133,2026-05-03T19:42:57+0800,linux_server_cpu,BI103202,kmeans,numpy_matmul,cpu,linux_server_cpu,100000,,256,50,,,2,4.211600084323436,4.123431551735848,0.20855769678018987,898.72265625,,pass,inertia=2.50846e+07; rel_delta=0,long_safe,kmeans_cpu__d-256__estimated_host_gib-0.663__implementation-numpy_matmul__k-50__max_iter-20__n-100000__profile-long_safe__repeat-3__run_id-long_safe_20260503_190133__seed-2__separation-1.0__threads-16,,0.663,,16,,,,20,1.0
long_safe_20260503_190133,2026-05-03T19:43:01+0800,linux_server_cpu,BI103202,kmeans,numba,cpu,linux_server_cpu,100000,,256,50,,,2,5.889350522309542,4.798373718280345,0.7487207085359842,975.9765625,,pass,inertia=2.50846e+07; rel_delta=0,long_safe,kmeans_cpu__d-256__estimated_host_gib-0.663__implementation-numba__k-50__max_iter-20__n-100000__profile-long_safe__repeat-3__run_id-long_safe_20260503_190133__seed-2__separation-1.0__threads-16,,0.663,,16,,,,20,1.0
long_safe_20260503_190133,2026-05-03T19:42:58+0800,linux_server_cpu,BI103202,kmeans,numpy_matmul,cpu,linux_server_cpu,100000,,256,50,,,1,3.9112190236337483,4.150854976847768,0.1924010261427611,900.00390625,,pass,inertia=2.53652e+07; rel_delta=0,long_safe,kmeans_cpu__d-256__estimated_host_gib-0.663__implementation-numpy_matmul__k-50__max_iter-20__n-100000__profile-long_safe__repeat-3__run_id-long_safe_20260503_190133__seed-1__separation-2.0__threads-16,,0.663,,16,,,,20,2.0
long_safe_20260503_190133,2026-05-03T19:42:58+0800,linux_server_cpu,BI103202,kmeans,numpy_matmul,cpu,linux_server_cpu,100000,,256,50,,,2,4.207080382853746,4.146899646148086,0.2630442820955068,900.69921875,,pass,inertia=2.53651e+07; rel_delta=0,long_safe,kmeans_cpu__d-256__estimated_host_gib-0.663__implementation-numpy_matmul__k-50__max_iter-20__n-100000__profile-long_safe__repeat-3__run_id-long_safe_20260503_190133__seed-2__separation-2.0__threads-16,,0.663,,16,,,,20,2.0
long_safe_20260503_190133,2026-05-03T19:43:10+0800,linux_server_cpu,BI103202,kmeans,numpy_matmul,cpu,linux_server_cpu,300000,,10,5,,,0,1.5249872580170631,1.469478891696781,0.005471202079206705,172.0625,,pass,inertia=2.63418e+06; rel_delta=0,long_safe,kmeans_cpu__d-10__estimated_host_gib-0.112__implementation-numpy_matmul__k-5__max_iter-20__n-300000__profile-long_safe__repeat-3__run_id-long_safe_20260503_190133__seed-0__separation-1.0__threads-16,,0.112,,16,,,,20,1.0
long_safe_20260503_190133,2026-05-03T19:43:10+0800,linux_server_cpu,BI103202,kmeans,numba,cpu,linux_server_cpu,300000,,10,5,,,0,2.347792963963002,1.25868368614465,0.09435909916646779,259.53125,,pass,inertia=2.63418e+06; rel_delta=0,long_safe,kmeans_cpu__d-10__estimated_host_gib-0.112__implementation-numba__k-5__max_iter-20__n-300000__profile-long_safe__repeat-3__run_id-long_safe_20260503_190133__seed-0__separation-1.0__threads-16,,0.112,,16,,,,20,1.0
long_safe_20260503_190133,2026-05-03T19:43:09+0800,linux_server_cpu,BI103202,kmeans,numpy_matmul,cpu,linux_server_cpu,300000,,10,5,,,1,1.4275230001658201,1.425319760106504,0.0049259234219789505,171.828125,,pass,inertia=2.65687e+06; rel_delta=0,long_safe,kmeans_cpu__d-10__estimated_host_gib-0.112__implementation-numpy_matmul__k-5__max_iter-20__n-300000__profile-long_safe__repeat-3__run_id-long_safe_20260503_190133__seed-1__separation-1.0__threads-16,,0.112,,16,,,,20,1.0
long_safe_20260503_190133,2026-05-03T19:43:10+0800,linux_server_cpu,BI103202,kmeans,numba,cpu,linux_server_cpu,300000,,10,5,,,1,2.368388762231916,1.2615145710296929,0.05530136893503368,258.765625,,pass,inertia=2.65687e+06; rel_delta=0,long_safe,kmeans_cpu__d-10__estimated_host_gib-0.112__implementation-numba__k-5__max_iter-20__n-300000__profile-long_safe__repeat-3__run_id-long_safe_20260503_190133__seed-1__separation-1.0__threads-16,,0.112,,16,,,,20,1.0
long_safe_20260503_190133,2026-05-03T19:43:12+0800,linux_server_cpu,BI103202,kmeans,numba,cpu,linux_server_cpu,100000,,256,50,,,1,9.597227809019387,6.425569415092468,0.6074080530088395,976.43359375,,pass,inertia=2.53652e+07; rel_delta=0,long_safe,kmeans_cpu__d-256__estimated_host_gib-0.663__implementation-numba__k-50__max_iter-20__n-100000__profile-long_safe__repeat-3__run_id-long_safe_20260503_190133__seed-1__separation-2.0__threads-16,,0.663,,16,,,,20,2.0
long_safe_20260503_190133,2026-05-03T19:43:18+0800,linux_server_cpu,BI103202,kmeans,numba,cpu,linux_server_cpu,100000,,256,50,,,1,8.543406561948359,7.641142975073308,1.5729573681019247,966.30078125,,pass,inertia=2.50821e+07; rel_delta=0,long_safe,kmeans_cpu__d-256__estimated_host_gib-0.663__implementation-numba__k-50__max_iter-20__n-100000__profile-long_safe__repeat-3__run_id-long_safe_20260503_190133__seed-1__separation-1.0__threads-16,,0.663,,16,,,,20,1.0
long_safe_20260503_190133,2026-05-03T19:43:19+0800,linux_server_cpu,BI103202,kmeans,numba,cpu,linux_server_cpu,100000,,256,50,,,0,8.214146377984434,8.082045591901988,1.0044535838533193,976.4453125,,pass,inertia=2.53649e+07; rel_delta=0,long_safe,kmeans_cpu__d-256__estimated_host_gib-0.663__implementation-numba__k-50__max_iter-20__n-100000__profile-long_safe__repeat-3__run_id-long_safe_20260503_190133__seed-0__separation-2.0__threads-16,,0.663,,16,,,,20,2.0
long_safe_20260503_190133,2026-05-03T19:43:20+0800,linux_server_cpu,BI103202,kmeans,numpy_matmul,cpu,linux_server_cpu,300000,,10,5,,,2,1.4855521288700402,1.4555881922133267,0.028405648423358798,173.05078125,,pass,inertia=2.60204e+06; rel_delta=0,long_safe,kmeans_cpu__d-10__estimated_host_gib-0.112__implementation-numpy_matmul__k-5__max_iter-20__n-300000__profile-long_safe__repeat-3__run_id-long_safe_20260503_190133__seed-2__separation-1.0__threads-16,,0.112,,16,,,,20,1.0
long_safe_20260503_190133,2026-05-03T19:43:20+0800,linux_server_cpu,BI103202,kmeans,numba,cpu,linux_server_cpu,300000,,10,5,,,2,2.214257003739476,1.1538074319250882,0.008794632041826844,258.390625,,pass,inertia=2.60204e+06; rel_delta=0,long_safe,kmeans_cpu__d-10__estimated_host_gib-0.112__implementation-numba__k-5__max_iter-20__n-300000__profile-long_safe__repeat-3__run_id-long_safe_20260503_190133__seed-2__separation-1.0__threads-16,,0.112,,16,,,,20,1.0
long_safe_20260503_190133,2026-05-03T19:43:20+0800,linux_server_cpu,BI103202,kmeans,numpy_matmul,cpu,linux_server_cpu,300000,,10,5,,,0,1.5486138677224517,1.5145045989193022,0.010401118313893676,171.9609375,,pass,inertia=2.81955e+06; rel_delta=0,long_safe,kmeans_cpu__d-10__estimated_host_gib-0.112__implementation-numpy_matmul__k-5__max_iter-20__n-300000__profile-long_safe__repeat-3__run_id-long_safe_20260503_190133__seed-0__separation-2.0__threads-16,,0.112,,16,,,,20,2.0
long_safe_20260503_190133,2026-05-03T19:43:20+0800,linux_server_cpu,BI103202,kmeans,numba,cpu,linux_server_cpu,300000,,10,5,,,0,2.286577805876732,1.1384190656244755,0.010915132937952876,259.34375,,pass,inertia=2.81955e+06; rel_delta=0,long_safe,kmeans_cpu__d-10__estimated_host_gib-0.112__implementation-numba__k-5__max_iter-20__n-300000__profile-long_safe__repeat-3__run_id-long_safe_20260503_190133__seed-0__separation-2.0__threads-16,,0.112,,16,,,,20,2.0
long_safe_20260503_190133,2026-05-03T19:43:24+0800,linux_server_cpu,BI103202,kmeans,numpy_matmul,cpu,linux_server_cpu,300000,,10,5,,,1,1.3035715739242733,1.22671853704378,0.023685562890022993,171.73828125,,pass,inertia=2.87684e+06; rel_delta=0,long_safe,kmeans_cpu__d-10__estimated_host_gib-0.112__implementation-numpy_matmul__k-5__max_iter-20__n-300000__profile-long_safe__repeat-3__run_id-long_safe_20260503_190133__seed-1__separation-2.0__threads-16,,0.112,,16,,,,20,2.0
long_safe_20260503_190133,2026-05-03T19:43:27+0800,linux_server_cpu,BI103202,kmeans,numba,cpu,linux_server_cpu,100000,,256,50,,,2,7.059200888965279,5.030236041639,0.740149432560429,976.33203125,,pass,inertia=2.53651e+07; rel_delta=0,long_safe,kmeans_cpu__d-256__estimated_host_gib-0.663__implementation-numba__k-50__max_iter-20__n-100000__profile-long_safe__repeat-3__run_id-long_safe_20260503_190133__seed-2__separation-2.0__threads-16,,0.663,,16,,,,20,2.0
long_safe_20260503_190133,2026-05-03T19:43:34+0800,linux_server_cpu,BI103202,kmeans,numba,cpu,linux_server_cpu,300000,,10,5,,,1,3.0554935596883297,1.638452549930662,0.04973799642175436,259.3515625,,pass,inertia=2.87684e+06; rel_delta=0,long_safe,kmeans_cpu__d-10__estimated_host_gib-0.112__implementation-numba__k-5__max_iter-20__n-300000__profile-long_safe__repeat-3__run_id-long_safe_20260503_190133__seed-1__separation-2.0__threads-16,,0.112,,16,,,,20,2.0
long_safe_20260503_190133,2026-05-03T19:43:35+0800,linux_server_cpu,BI103202,kmeans,numpy_matmul,cpu,linux_server_cpu,300000,,10,5,,,2,2.243308324366808,2.2679731026291847,0.14138979138806462,173.10546875,,pass,inertia=2.76656e+06; rel_delta=0,long_safe,kmeans_cpu__d-10__estimated_host_gib-0.112__implementation-numpy_matmul__k-5__max_iter-20__n-300000__profile-long_safe__repeat-3__run_id-long_safe_20260503_190133__seed-2__separation-2.0__threads-16,,0.112,,16,,,,20,2.0
long_safe_20260503_190133,2026-05-03T19:43:36+0800,linux_server_cpu,BI103202,kmeans,numba,cpu,linux_server_cpu,300000,,10,5,,,2,3.44003751501441,2.241357679013163,0.20211628754623234,258.484375,,pass,inertia=2.76656e+06; rel_delta=0,long_safe,kmeans_cpu__d-10__estimated_host_gib-0.112__implementation-numba__k-5__max_iter-20__n-300000__profile-long_safe__repeat-3__run_id-long_safe_20260503_190133__seed-2__separation-2.0__threads-16,,0.112,,16,,,,20,2.0
long_safe_20260503_190133,2026-05-03T19:43:35+0800,linux_server_cpu,BI103202,kmeans,numpy_matmul,cpu,linux_server_cpu,300000,,10,20,,,1,2.4307286320254207,2.503228324931115,0.08403573534451425,259.9140625,,pass,inertia=2.15081e+06; rel_delta=0,long_safe,kmeans_cpu__d-10__estimated_host_gib-0.279__implementation-numpy_matmul__k-20__max_iter-20__n-300000__profile-long_safe__repeat-3__run_id-long_safe_20260503_190133__seed-1__separation-1.0__threads-16,,0.279,,16,,,,20,1.0
long_safe_20260503_190133,2026-05-03T19:43:39+0800,linux_server_cpu,BI103202,kmeans,numba,cpu,linux_server_cpu,300000,,10,20,,,0,4.053246722090989,2.5177539689466357,0.11683763796463609,303.14453125,,pass,inertia=2.11219e+06; rel_delta=0,long_safe,kmeans_cpu__d-10__estimated_host_gib-0.279__implementation-numba__k-20__max_iter-20__n-300000__profile-long_safe__repeat-3__run_id-long_safe_20260503_190133__seed-0__separation-1.0__threads-16,,0.279,,16,,,,20,1.0
long_safe_20260503_190133,2026-05-03T19:43:40+0800,linux_server_cpu,BI103202,kmeans,numba,cpu,linux_server_cpu,300000,,10,20,,,1,3.016163138207048,1.6288536991924047,0.04379652859643102,303.51171875,,pass,inertia=2.15081e+06; rel_delta=0,long_safe,kmeans_cpu__d-10__estimated_host_gib-0.279__implementation-numba__k-20__max_iter-20__n-300000__profile-long_safe__repeat-3__run_id-long_safe_20260503_190133__seed-1__separation-1.0__threads-16,,0.279,,16,,,,20,1.0
long_safe_20260503_190133,2026-05-03T19:43:44+0800,linux_server_cpu,BI103202,kmeans,numpy_matmul,cpu,linux_server_cpu,300000,,10,20,,,0,4.4274562378413975,3.9651737781241536,0.3511029272340238,259.50390625,,pass,inertia=2.11219e+06; rel_delta=0,long_safe,kmeans_cpu__d-10__estimated_host_gib-0.279__implementation-numpy_matmul__k-20__max_iter-20__n-300000__profile-long_safe__repeat-3__run_id-long_safe_20260503_190133__seed-0__separation-1.0__threads-16,,0.279,,16,,,,20,1.0
long_safe_20260503_190133,2026-05-03T19:43:43+0800,linux_server_cpu,BI103202,kmeans,numpy_matmul,cpu,linux_server_cpu,300000,,10,20,,,2,2.0502905771136284,2.0580878872424364,0.002926724497228861,260.1640625,,pass,inertia=2.09284e+06; rel_delta=0,long_safe,kmeans_cpu__d-10__estimated_host_gib-0.279__implementation-numpy_matmul__k-20__max_iter-20__n-300000__profile-long_safe__repeat-3__run_id-long_safe_20260503_190133__seed-2__separation-1.0__threads-16,,0.279,,16,,,,20,1.0
long_safe_20260503_190133,2026-05-03T19:43:47+0800,linux_server_cpu,BI103202,kmeans,numba,cpu,linux_server_cpu,300000,,10,20,,,2,2.4168128953315318,1.409809221047908,0.028960098512470722,299.390625,,pass,inertia=2.09284e+06; rel_delta=0,long_safe,kmeans_cpu__d-10__estimated_host_gib-0.279__implementation-numba__k-20__max_iter-20__n-300000__profile-long_safe__repeat-3__run_id-long_safe_20260503_190133__seed-2__separation-1.0__threads-16,,0.279,,16,,,,20,1.0
long_safe_20260503_190133,2026-05-03T19:43:48+0800,linux_server_cpu,BI103202,kmeans,numba,cpu,linux_server_cpu,300000,,10,20,,,0,2.485693227034062,1.47868269123137,0.3461752152070403,299.93359375,,pass,inertia=2.46205e+06; rel_delta=0,long_safe,kmeans_cpu__d-10__estimated_host_gib-0.279__implementation-numba__k-20__max_iter-20__n-300000__profile-long_safe__repeat-3__run_id-long_safe_20260503_190133__seed-0__separation-2.0__threads-16,,0.279,,16,,,,20,2.0
long_safe_20260503_190133,2026-05-03T19:43:59+0800,linux_server_cpu,BI103202,kmeans,numpy_matmul,cpu,linux_server_cpu,300000,,10,20,,,1,4.227565481327474,3.894895598758012,0.7563684638589621,259.98046875,,pass,inertia=2.52643e+06; rel_delta=0,long_safe,kmeans_cpu__d-10__estimated_host_gib-0.279__implementation-numpy_matmul__k-20__max_iter-20__n-300000__profile-long_safe__repeat-3__run_id-long_safe_20260503_190133__seed-1__separation-2.0__threads-16,,0.279,,16,,,,20,2.0
long_safe_20260503_190133,2026-05-03T19:43:55+0800,linux_server_cpu,BI103202,kmeans,numba,cpu,linux_server_cpu,300000,,10,20,,,1,2.814682869706303,1.5712993093766272,0.04218502691946924,303.0625,,pass,inertia=2.52643e+06; rel_delta=0,long_safe,kmeans_cpu__d-10__estimated_host_gib-0.279__implementation-numba__k-20__max_iter-20__n-300000__profile-long_safe__repeat-3__run_id-long_safe_20260503_190133__seed-1__separation-2.0__threads-16,,0.279,,16,,,,20,2.0
long_safe_20260503_190133,2026-05-03T19:43:56+0800,linux_server_cpu,BI103202,kmeans,numpy_matmul,cpu,linux_server_cpu,300000,,10,20,,,2,2.2484341212548316,2.2362289899028838,0.0488682861905545,259.91015625,,pass,inertia=2.43279e+06; rel_delta=0,long_safe,kmeans_cpu__d-10__estimated_host_gib-0.279__implementation-numpy_matmul__k-20__max_iter-20__n-300000__profile-long_safe__repeat-3__run_id-long_safe_20260503_190133__seed-2__separation-2.0__threads-16,,0.279,,16,,,,20,2.0
long_safe_20260503_190133,2026-05-03T19:43:55+0800,linux_server_cpu,BI103202,kmeans,numba,cpu,linux_server_cpu,300000,,10,20,,,2,2.8511168458499014,1.645515393000096,0.07643465371802449,303.2421875,,pass,inertia=2.43279e+06; rel_delta=0,long_safe,kmeans_cpu__d-10__estimated_host_gib-0.279__implementation-numba__k-20__max_iter-20__n-300000__profile-long_safe__repeat-3__run_id-long_safe_20260503_190133__seed-2__separation-2.0__threads-16,,0.279,,16,,,,20,2.0
long_safe_20260503_190133,2026-05-03T19:44:00+0800,linux_server_cpu,BI103202,kmeans,numpy_matmul,cpu,linux_server_cpu,300000,,10,20,,,0,4.214883563108742,3.8962464849464595,0.7579143890179694,260.01953125,,pass,inertia=2.46205e+06; rel_delta=0,long_safe,kmeans_cpu__d-10__estimated_host_gib-0.279__implementation-numpy_matmul__k-20__max_iter-20__n-300000__profile-long_safe__repeat-3__run_id-long_safe_20260503_190133__seed-0__separation-2.0__threads-16,,0.279,,16,,,,20,2.0
long_safe_20260503_190133,2026-05-03T19:44:03+0800,linux_server_cpu,BI103202,kmeans,numpy_matmul,cpu,linux_server_cpu,300000,,10,50,,,0,3.5380220049992204,3.6198421609587967,0.09922908735461533,465.890625,,pass,inertia=1.80248e+06; rel_delta=0,long_safe,kmeans_cpu__d-10__estimated_host_gib-0.615__implementation-numpy_matmul__k-50__max_iter-20__n-300000__profile-long_safe__repeat-3__run_id-long_safe_20260503_190133__seed-0__separation-1.0__threads-16,,0.615,,16,,,,20,1.0
long_safe_20260503_190133,2026-05-03T19:44:02+0800,linux_server_cpu,BI103202,kmeans,numba,cpu,linux_server_cpu,300000,,10,50,,,0,2.8535999548621476,1.8526655118912458,0.05858492758125067,508.609375,,pass,inertia=1.80248e+06; rel_delta=0,long_safe,kmeans_cpu__d-10__estimated_host_gib-0.615__implementation-numba__k-50__max_iter-20__n-300000__profile-long_safe__repeat-3__run_id-long_safe_20260503_190133__seed-0__separation-1.0__threads-16,,0.615,,16,,,,20,1.0
long_safe_20260503_190133,2026-05-03T19:44:08+0800,linux_server_cpu,BI103202,kmeans,numpy_matmul,cpu,linux_server_cpu,300000,,10,50,,,1,3.272461600136012,3.6686229556798935,0.2435737014748156,465.93359375,,pass,inertia=1.82097e+06; rel_delta=0,long_safe,kmeans_cpu__d-10__estimated_host_gib-0.615__implementation-numpy_matmul__k-50__max_iter-20__n-300000__profile-long_safe__repeat-3__run_id-long_safe_20260503_190133__seed-1__separation-1.0__threads-16,,0.615,,16,,,,20,1.0
long_safe_20260503_190133,2026-05-03T19:44:13+0800,linux_server_cpu,BI103202,kmeans,numba,cpu,linux_server_cpu,300000,,10,50,,,1,3.0552046690136194,2.130079966969788,0.01796378893777728,508.375,,pass,inertia=1.82097e+06; rel_delta=0,long_safe,kmeans_cpu__d-10__estimated_host_gib-0.615__implementation-numba__k-50__max_iter-20__n-300000__profile-long_safe__repeat-3__run_id-long_safe_20260503_190133__seed-1__separation-1.0__threads-16,,0.615,,16,,,,20,1.0
long_safe_20260503_190133,2026-05-03T19:44:16+0800,linux_server_cpu,BI103202,kmeans,numpy_matmul,cpu,linux_server_cpu,300000,,10,50,,,2,3.198749092873186,3.1786043201573193,0.0637333425693214,465.8046875,,pass,inertia=1.81093e+06; rel_delta=0,long_safe,kmeans_cpu__d-10__estimated_host_gib-0.615__implementation-numpy_matmul__k-50__max_iter-20__n-300000__profile-long_safe__repeat-3__run_id-long_safe_20260503_190133__seed-2__separation-1.0__threads-16,,0.615,,16,,,,20,1.0
long_safe_20260503_190133,2026-05-03T19:44:15+0800,linux_server_cpu,BI103202,kmeans,numpy_matmul,cpu,linux_server_cpu,300000,,10,50,,,0,3.2421127520501614,3.0594580001197755,0.03693625261075795,465.8203125,,pass,inertia=2.19143e+06; rel_delta=0,long_safe,kmeans_cpu__d-10__estimated_host_gib-0.615__implementation-numpy_matmul__k-50__max_iter-20__n-300000__profile-long_safe__repeat-3__run_id-long_safe_20260503_190133__seed-0__separation-2.0__threads-16,,0.615,,16,,,,20,2.0
long_safe_20260503_190133,2026-05-03T19:44:19+0800,linux_server_cpu,BI103202,kmeans,numba,cpu,linux_server_cpu,300000,,10,50,,,0,3.146575670223683,2.0819962238892913,0.031125985318794847,509.1796875,,pass,inertia=2.19143e+06; rel_delta=0,long_safe,kmeans_cpu__d-10__estimated_host_gib-0.615__implementation-numba__k-50__max_iter-20__n-300000__profile-long_safe__repeat-3__run_id-long_safe_20260503_190133__seed-0__separation-2.0__threads-16,,0.615,,16,,,,20,2.0
long_safe_20260503_190133,2026-05-03T19:44:19+0800,linux_server_cpu,BI103202,kmeans,numba,cpu,linux_server_cpu,300000,,10,50,,,1,3.1599475047551095,2.0805564392358065,0.026153764920309186,508.51171875,,pass,inertia=2.22974e+06; rel_delta=0,long_safe,kmeans_cpu__d-10__estimated_host_gib-0.615__implementation-numba__k-50__max_iter-20__n-300000__profile-long_safe__repeat-3__run_id-long_safe_20260503_190133__seed-1__separation-2.0__threads-16,,0.615,,16,,,,20,2.0
long_safe_20260503_190133,2026-05-03T19:44:21+0800,linux_server_cpu,BI103202,kmeans,numba,cpu,linux_server_cpu,300000,,10,50,,,2,3.840295186266303,2.128095956053585,0.13387145148590207,509.296875,,pass,inertia=1.81093e+06; rel_delta=0,long_safe,kmeans_cpu__d-10__estimated_host_gib-0.615__implementation-numba__k-50__max_iter-20__n-300000__profile-long_safe__repeat-3__run_id-long_safe_20260503_190133__seed-2__separation-1.0__threads-16,,0.615,,16,,,,20,1.0
long_safe_20260503_190133,2026-05-03T19:44:26+0800,linux_server_cpu,BI103202,kmeans,numpy_matmul,cpu,linux_server_cpu,300000,,10,50,,,1,3.8566712951287627,3.745275614783168,0.911884703207761,466.41015625,,pass,inertia=2.22974e+06; rel_delta=0,long_safe,kmeans_cpu__d-10__estimated_host_gib-0.615__implementation-numpy_matmul__k-50__max_iter-20__n-300000__profile-long_safe__repeat-3__run_id-long_safe_20260503_190133__seed-1__separation-2.0__threads-16,,0.615,,16,,,,20,2.0
long_safe_20260503_190133,2026-05-03T19:44:26+0800,linux_server_cpu,BI103202,kmeans,numpy_matmul,cpu,linux_server_cpu,300000,,10,50,,,2,3.116783923935145,3.0158292585983872,0.016938662389293313,465.984375,,pass,inertia=2.21064e+06; rel_delta=0,long_safe,kmeans_cpu__d-10__estimated_host_gib-0.615__implementation-numpy_matmul__k-50__max_iter-20__n-300000__profile-long_safe__repeat-3__run_id-long_safe_20260503_190133__seed-2__separation-2.0__threads-16,,0.615,,16,,,,20,2.0
long_safe_20260503_190133,2026-05-03T19:44:30+0800,linux_server_cpu,BI103202,kmeans,numba,cpu,linux_server_cpu,300000,,10,50,,,2,3.36866967799142,2.0630668057128787,0.15521139628253877,508.94921875,,pass,inertia=2.21064e+06; rel_delta=0,long_safe,kmeans_cpu__d-10__estimated_host_gib-0.615__implementation-numba__k-50__max_iter-20__n-300000__profile-long_safe__repeat-3__run_id-long_safe_20260503_190133__seed-2__separation-2.0__threads-16,,0.615,,16,,,,20,2.0
long_safe_20260503_190133,2026-05-03T19:44:32+0800,linux_server_cpu,BI103202,kmeans,numpy_matmul,cpu,linux_server_cpu,300000,,64,5,,,0,3.1480692913755774,3.196557553950697,0.1393974160309881,705.62109375,,pass,inertia=1.88114e+07; rel_delta=0,long_safe,kmeans_cpu__d-64__estimated_host_gib-0.414__implementation-numpy_matmul__k-5__max_iter-20__n-300000__profile-long_safe__repeat-3__run_id-long_safe_20260503_190133__seed-0__separation-1.0__threads-16,,0.414,,16,,,,20,1.0
long_safe_20260503_190133,2026-05-03T19:44:31+0800,linux_server_cpu,BI103202,kmeans,numba,cpu,linux_server_cpu,300000,,64,5,,,0,3.7146375458687544,2.546424903906882,0.018091123551130295,788.11328125,,pass,inertia=1.88114e+07; rel_delta=0,long_safe,kmeans_cpu__d-64__estimated_host_gib-0.414__implementation-numba__k-5__max_iter-20__n-300000__profile-long_safe__repeat-3__run_id-long_safe_20260503_190133__seed-0__separation-1.0__threads-16,,0.414,,16,,,,20,1.0
long_safe_20260503_190133,2026-05-03T19:44:37+0800,linux_server_cpu,BI103202,kmeans,numpy_matmul,cpu,linux_server_cpu,300000,,64,5,,,1,3.11820288002491,3.0546855269931257,0.0825873885769397,703.2890625,,pass,inertia=1.88428e+07; rel_delta=0,long_safe,kmeans_cpu__d-64__estimated_host_gib-0.414__implementation-numpy_matmul__k-5__max_iter-20__n-300000__profile-long_safe__repeat-3__run_id-long_safe_20260503_190133__seed-1__separation-1.0__threads-16,,0.414,,16,,,,20,1.0
long_safe_20260503_190133,2026-05-03T19:44:42+0800,linux_server_cpu,BI103202,kmeans,numba,cpu,linux_server_cpu,300000,,64,5,,,1,4.6655900361947715,3.344012617133558,0.998466782970354,788.984375,,pass,inertia=1.88428e+07; rel_delta=0,long_safe,kmeans_cpu__d-64__estimated_host_gib-0.414__implementation-numba__k-5__max_iter-20__n-300000__profile-long_safe__repeat-3__run_id-long_safe_20260503_190133__seed-1__separation-1.0__threads-16,,0.414,,16,,,,20,1.0
long_safe_20260503_190133,2026-05-03T19:44:43+0800,linux_server_cpu,BI103202,kmeans,numpy_matmul,cpu,linux_server_cpu,300000,,64,5,,,2,3.1709636887535453,2.9871310428716242,0.036685439525172114,705.23046875,,pass,inertia=1.88219e+07; rel_delta=0,long_safe,kmeans_cpu__d-64__estimated_host_gib-0.414__implementation-numpy_matmul__k-5__max_iter-20__n-300000__profile-long_safe__repeat-3__run_id-long_safe_20260503_190133__seed-2__separation-1.0__threads-16,,0.414,,16,,,,20,1.0
long_safe_20260503_190133,2026-05-03T19:44:53+0800,linux_server_cpu,BI103202,kmeans,numba,cpu,linux_server_cpu,300000,,64,5,,,1,4.030358843039721,2.5877941311337054,0.24974159197881818,789.57421875,,pass,inertia=1.90347e+07; rel_delta=0,long_safe,kmeans_cpu__d-64__estimated_host_gib-0.414__implementation-numba__k-5__max_iter-20__n-300000__profile-long_safe__repeat-3__run_id-long_safe_20260503_190133__seed-1__separation-2.0__threads-16,,0.414,,16,,,,20,2.0
long_safe_20260503_190133,2026-05-03T19:44:59+0800,linux_server_cpu,BI103202,kmeans,numba,cpu,linux_server_cpu,300000,,64,5,,,2,7.895959570072591,5.637275945395231,1.0666805543005466,789.5625,,pass,inertia=1.88219e+07; rel_delta=0,long_safe,kmeans_cpu__d-64__estimated_host_gib-0.414__implementation-numba__k-5__max_iter-20__n-300000__profile-long_safe__repeat-3__run_id-long_safe_20260503_190133__seed-2__separation-1.0__threads-16,,0.414,,16,,,,20,1.0
long_safe_20260503_190133,2026-05-03T19:44:59+0800,linux_server_cpu,BI103202,kmeans,numba,cpu,linux_server_cpu,300000,,64,5,,,0,4.205849573016167,6.762485914863646,1.2452598880045116,788.625,,pass,inertia=1.89935e+07; rel_delta=0,long_safe,kmeans_cpu__d-64__estimated_host_gib-0.414__implementation-numba__k-5__max_iter-20__n-300000__profile-long_safe__repeat-3__run_id-long_safe_20260503_190133__seed-0__separation-2.0__threads-16,,0.414,,16,,,,20,2.0
long_safe_20260503_190133,2026-05-03T19:44:59+0800,linux_server_cpu,BI103202,kmeans,numpy_matmul,cpu,linux_server_cpu,300000,,64,5,,,2,3.0026878281496465,3.0764838331378996,0.16473147296346724,703.5078125,,pass,inertia=1.89955e+07; rel_delta=0,long_safe,kmeans_cpu__d-64__estimated_host_gib-0.414__implementation-numpy_matmul__k-5__max_iter-20__n-300000__profile-long_safe__repeat-3__run_id-long_safe_20260503_190133__seed-2__separation-2.0__threads-16,,0.414,,16,,,,20,2.0
long_safe_20260503_190133,2026-05-03T19:45:04+0800,linux_server_cpu,BI103202,kmeans,numpy_matmul,cpu,linux_server_cpu,300000,,64,5,,,0,8.22043620981276,5.843375094234943,1.1946537548210472,705.671875,,pass,inertia=1.89935e+07; rel_delta=0,long_safe,kmeans_cpu__d-64__estimated_host_gib-0.414__implementation-numpy_matmul__k-5__max_iter-20__n-300000__profile-long_safe__repeat-3__run_id-long_safe_20260503_190133__seed-0__separation-2.0__threads-16,,0.414,,16,,,,20,2.0
long_safe_20260503_190133,2026-05-03T19:45:02+0800,linux_server_cpu,BI103202,kmeans,numba,cpu,linux_server_cpu,300000,,64,5,,,2,3.410260897129774,2.4333206741139293,0.03467842284590006,788.15234375,,pass,inertia=1.89955e+07; rel_delta=0,long_safe,kmeans_cpu__d-64__estimated_host_gib-0.414__implementation-numba__k-5__max_iter-20__n-300000__profile-long_safe__repeat-3__run_id-long_safe_20260503_190133__seed-2__separation-2.0__threads-16,,0.414,,16,,,,20,2.0
long_safe_20260503_190133,2026-05-03T19:45:17+0800,linux_server_cpu,BI103202,kmeans,numpy_matmul,cpu,linux_server_cpu,300000,,64,5,,,1,7.010714048985392,8.309619068633765,0.4391983193345368,705.78125,,pass,inertia=1.90347e+07; rel_delta=0,long_safe,kmeans_cpu__d-64__estimated_host_gib-0.414__implementation-numpy_matmul__k-5__max_iter-20__n-300000__profile-long_safe__repeat-3__run_id-long_safe_20260503_190133__seed-1__separation-2.0__threads-16,,0.414,,16,,,,20,2.0
long_safe_20260503_190133,2026-05-03T19:45:16+0800,linux_server_cpu,BI103202,kmeans,numba,cpu,linux_server_cpu,300000,,64,20,,,0,3.961398648098111,2.944641468115151,0.0504377530887723,784.4609375,,pass,inertia=1.8311e+07; rel_delta=0,long_safe,kmeans_cpu__d-64__estimated_host_gib-0.581__implementation-numba__k-20__max_iter-20__n-300000__profile-long_safe__repeat-3__run_id-long_safe_20260503_190133__seed-0__separation-1.0__threads-16,,0.581,,16,,,,20,1.0
long_safe_20260503_190133,2026-05-03T19:45:26+0800,linux_server_cpu,BI103202,kmeans,numpy_matmul,cpu,linux_server_cpu,300000,,64,20,,,0,9.21753754094243,7.625821668189019,0.632723634596914,716.61328125,,pass,inertia=1.8311e+07; rel_delta=0,long_safe,kmeans_cpu__d-64__estimated_host_gib-0.581__implementation-numpy_matmul__k-20__max_iter-20__n-300000__profile-long_safe__repeat-3__run_id-long_safe_20260503_190133__seed-0__separation-1.0__threads-16,,0.581,,16,,,,20,1.0
long_safe_20260503_190133,2026-05-03T19:45:22+0800,linux_server_cpu,BI103202,kmeans,numba,cpu,linux_server_cpu,300000,,64,20,,,1,4.453582042828202,3.173938282765448,0.17818314908072352,781.328125,,pass,inertia=1.83296e+07; rel_delta=0,long_safe,kmeans_cpu__d-64__estimated_host_gib-0.581__implementation-numba__k-20__max_iter-20__n-300000__profile-long_safe__repeat-3__run_id-long_safe_20260503_190133__seed-1__separation-1.0__threads-16,,0.581,,16,,,,20,1.0
long_safe_20260503_190133,2026-05-03T19:45:26+0800,linux_server_cpu,BI103202,kmeans,numba,cpu,linux_server_cpu,300000,,64,20,,,2,4.280782780144364,2.864727546926588,0.10284502361901104,775.234375,,pass,inertia=1.83107e+07; rel_delta=0,long_safe,kmeans_cpu__d-64__estimated_host_gib-0.581__implementation-numba__k-20__max_iter-20__n-300000__profile-long_safe__repeat-3__run_id-long_safe_20260503_190133__seed-2__separation-1.0__threads-16,,0.581,,16,,,,20,1.0
long_safe_20260503_190133,2026-05-03T19:45:37+0800,linux_server_cpu,BI103202,kmeans,numpy_matmul,cpu,linux_server_cpu,300000,,64,20,,,0,5.3259548749774694,5.672256409190595,0.175545901292935,718.33203125,,pass,inertia=1.87213e+07; rel_delta=0,long_safe,kmeans_cpu__d-64__estimated_host_gib-0.581__implementation-numpy_matmul__k-20__max_iter-20__n-300000__profile-long_safe__repeat-3__run_id-long_safe_20260503_190133__seed-0__separation-2.0__threads-16,,0.581,,16,,,,20,2.0
long_safe_20260503_190133,2026-05-03T19:45:42+0800,linux_server_cpu,BI103202,kmeans,numpy_matmul,cpu,linux_server_cpu,300000,,64,20,,,1,7.903368954081088,8.449292042758316,0.8960407669655979,714.01171875,,pass,inertia=1.83296e+07; rel_delta=0,long_safe,kmeans_cpu__d-64__estimated_host_gib-0.581__implementation-numpy_matmul__k-20__max_iter-20__n-300000__profile-long_safe__repeat-3__run_id-long_safe_20260503_190133__seed-1__separation-1.0__threads-16,,0.581,,16,,,,20,1.0
long_safe_20260503_190133,2026-05-03T19:45:40+0800,linux_server_cpu,BI103202,kmeans,numpy_matmul,cpu,linux_server_cpu,300000,,64,20,,,1,4.2382709020748734,4.127385462168604,0.1465385789051652,712.83984375,,pass,inertia=1.87645e+07; rel_delta=0,long_safe,kmeans_cpu__d-64__estimated_host_gib-0.581__implementation-numpy_matmul__k-20__max_iter-20__n-300000__profile-long_safe__repeat-3__run_id-long_safe_20260503_190133__seed-1__separation-2.0__threads-16,,0.581,,16,,,,20,2.0
long_safe_20260503_190133,2026-05-03T19:45:47+0800,linux_server_cpu,BI103202,kmeans,numpy_matmul,cpu,linux_server_cpu,300000,,64,20,,,2,9.210880775935948,7.633330455981195,1.5529439323581755,707.62109375,,pass,inertia=1.83107e+07; rel_delta=0,long_safe,kmeans_cpu__d-64__estimated_host_gib-0.581__implementation-numpy_matmul__k-20__max_iter-20__n-300000__profile-long_safe__repeat-3__run_id-long_safe_20260503_190133__seed-2__separation-1.0__threads-16,,0.581,,16,,,,20,1.0
long_safe_20260503_190133,2026-05-03T19:45:57+0800,linux_server_cpu,BI103202,kmeans,numba,cpu,linux_server_cpu,300000,,64,20,,,0,8.525424254126847,7.165967653971165,1.2734012375585735,784.8203125,,pass,inertia=1.87213e+07; rel_delta=0,long_safe,kmeans_cpu__d-64__estimated_host_gib-0.581__implementation-numba__k-20__max_iter-20__n-300000__profile-long_safe__repeat-3__run_id-long_safe_20260503_190133__seed-0__separation-2.0__threads-16,,0.581,,16,,,,20,2.0
long_safe_20260503_190133,2026-05-03T19:46:00+0800,linux_server_cpu,BI103202,kmeans,numba,cpu,linux_server_cpu,300000,,64,20,,,1,6.419418828561902,4.1826440882869065,0.4549666305538267,780.04296875,,pass,inertia=1.87645e+07; rel_delta=0,long_safe,kmeans_cpu__d-64__estimated_host_gib-0.581__implementation-numba__k-20__max_iter-20__n-300000__profile-long_safe__repeat-3__run_id-long_safe_20260503_190133__seed-1__separation-2.0__threads-16,,0.581,,16,,,,20,2.0
long_safe_20260503_190133,2026-05-03T19:46:07+0800,linux_server_cpu,BI103202,kmeans,numpy_matmul,cpu,linux_server_cpu,300000,,64,20,,,2,6.424269516952336,7.903639599215239,1.0778680546209216,718.96484375,,pass,inertia=1.87222e+07; rel_delta=0,long_safe,kmeans_cpu__d-64__estimated_host_gib-0.581__implementation-numpy_matmul__k-20__max_iter-20__n-300000__profile-long_safe__repeat-3__run_id-long_safe_20260503_190133__seed-2__separation-2.0__threads-16,,0.581,,16,,,,20,2.0
long_safe_20260503_190133,2026-05-03T19:46:05+0800,linux_server_cpu,BI103202,kmeans,numpy_matmul,cpu,linux_server_cpu,300000,,64,50,,,0,5.018204077146947,4.988966373726726,0.2656026410404593,777.40625,,pass,inertia=1.78756e+07; rel_delta=0,long_safe,kmeans_cpu__d-64__estimated_host_gib-0.916__implementation-numpy_matmul__k-50__max_iter-20__n-300000__profile-long_safe__repeat-3__run_id-long_safe_20260503_190133__seed-0__separation-1.0__threads-16,,0.916,,16,,,,20,1.0
long_safe_20260503_190133,2026-05-03T19:46:11+0800,linux_server_cpu,BI103202,kmeans,numba,cpu,linux_server_cpu,300000,,64,20,,,2,9.467518019955605,7.791937382891774,0.4273083854932338,785.23046875,,pass,inertia=1.87222e+07; rel_delta=0,long_safe,kmeans_cpu__d-64__estimated_host_gib-0.581__implementation-numba__k-20__max_iter-20__n-300000__profile-long_safe__repeat-3__run_id-long_safe_20260503_190133__seed-2__separation-2.0__threads-16,,0.581,,16,,,,20,2.0
long_safe_20260503_190133,2026-05-03T19:46:12+0800,linux_server_cpu,BI103202,kmeans,numpy_matmul,cpu,linux_server_cpu,300000,,64,50,,,1,5.125506782904267,5.019384067971259,0.1338936723768711,773.02734375,,pass,inertia=1.78748e+07; rel_delta=0,long_safe,kmeans_cpu__d-64__estimated_host_gib-0.916__implementation-numpy_matmul__k-50__max_iter-20__n-300000__profile-long_safe__repeat-3__run_id-long_safe_20260503_190133__seed-1__separation-1.0__threads-16,,0.916,,16,,,,20,1.0
long_safe_20260503_190133,2026-05-03T19:46:10+0800,linux_server_cpu,BI103202,kmeans,numba,cpu,linux_server_cpu,300000,,64,50,,,1,4.815053739119321,3.3895892039872706,0.25310986558906734,811.91015625,,pass,inertia=1.78748e+07; rel_delta=0,long_safe,kmeans_cpu__d-64__estimated_host_gib-0.916__implementation-numba__k-50__max_iter-20__n-300000__profile-long_safe__repeat-3__run_id-long_safe_20260503_190133__seed-1__separation-1.0__threads-16,,0.916,,16,,,,20,1.0
long_safe_20260503_190133,2026-05-03T19:46:16+0800,linux_server_cpu,BI103202,kmeans,numba,cpu,linux_server_cpu,300000,,64,50,,,0,6.8904301770962775,5.011552972719073,1.22829119884409,814.703125,,pass,inertia=1.78756e+07; rel_delta=0,long_safe,kmeans_cpu__d-64__estimated_host_gib-0.916__implementation-numba__k-50__max_iter-20__n-300000__profile-long_safe__repeat-3__run_id-long_safe_20260503_190133__seed-0__separation-1.0__threads-16,,0.916,,16,,,,20,1.0
long_safe_20260503_190133,2026-05-03T19:46:25+0800,linux_server_cpu,BI103202,kmeans,numpy_matmul,cpu,linux_server_cpu,300000,,64,50,,,2,5.02598779508844,4.651941295713186,0.17774478252977133,785.29296875,,pass,inertia=1.78779e+07; rel_delta=0,long_safe,kmeans_cpu__d-64__estimated_host_gib-0.916__implementation-numpy_matmul__k-50__max_iter-20__n-300000__profile-long_safe__repeat-3__run_id-long_safe_20260503_190133__seed-2__separation-1.0__threads-16,,0.916,,16,,,,20,1.0
long_safe_20260503_190133,2026-05-03T19:46:45+0800,linux_server_cpu,BI103202,kmeans,numpy_matmul,cpu,linux_server_cpu,300000,,64,50,,,0,8.146859664935619,5.425286816898733,0.15112068713642657,776.02734375,,pass,inertia=1.85186e+07; rel_delta=0,long_safe,kmeans_cpu__d-64__estimated_host_gib-0.916__implementation-numpy_matmul__k-50__max_iter-20__n-300000__profile-long_safe__repeat-3__run_id-long_safe_20260503_190133__seed-0__separation-2.0__threads-16,,0.916,,16,,,,20,2.0
long_safe_20260503_190133,2026-05-03T19:46:53+0800,linux_server_cpu,BI103202,kmeans,numba,cpu,linux_server_cpu,300000,,64,50,,,2,9.741889438126236,9.266519815195352,2.036093164468184,811.1640625,,pass,inertia=1.78779e+07; rel_delta=0,long_safe,kmeans_cpu__d-64__estimated_host_gib-0.916__implementation-numba__k-50__max_iter-20__n-300000__profile-long_safe__repeat-3__run_id-long_safe_20260503_190133__seed-2__separation-1.0__threads-16,,0.916,,16,,,,20,1.0
long_safe_20260503_190133,2026-05-03T19:46:58+0800,linux_server_cpu,BI103202,kmeans,numba,cpu,linux_server_cpu,300000,,64,50,,,0,9.164788361173123,9.822139534167945,0.48937445553019643,812.4765625,,pass,inertia=1.85186e+07; rel_delta=0,long_safe,kmeans_cpu__d-64__estimated_host_gib-0.916__implementation-numba__k-50__max_iter-20__n-300000__profile-long_safe__repeat-3__run_id-long_safe_20260503_190133__seed-0__separation-2.0__threads-16,,0.916,,16,,,,20,2.0
long_safe_20260503_190133,2026-05-03T19:47:10+0800,linux_server_cpu,BI103202,kmeans,numba,cpu,linux_server_cpu,300000,,64,50,,,1,12.74933279119432,9.674812774173915,0.3554714934434742,813.2578125,,pass,inertia=1.8534e+07; rel_delta=0,long_safe,kmeans_cpu__d-64__estimated_host_gib-0.916__implementation-numba__k-50__max_iter-20__n-300000__profile-long_safe__repeat-3__run_id-long_safe_20260503_190133__seed-1__separation-2.0__threads-16,,0.916,,16,,,,20,2.0
long_safe_20260503_190133,2026-05-03T19:47:09+0800,linux_server_cpu,BI103202,kmeans,numba,cpu,linux_server_cpu,300000,,64,50,,,2,9.483707203064114,8.74649744015187,1.0248327103909105,812.1640625,,pass,inertia=1.85376e+07; rel_delta=0,long_safe,kmeans_cpu__d-64__estimated_host_gib-0.916__implementation-numba__k-50__max_iter-20__n-300000__profile-long_safe__repeat-3__run_id-long_safe_20260503_190133__seed-2__separation-2.0__threads-16,,0.916,,16,,,,20,2.0
long_safe_20260503_190133,2026-05-03T19:47:19+0800,linux_server_cpu,BI103202,kmeans,numpy_matmul,cpu,linux_server_cpu,300000,,64,50,,,1,14.432299125008285,12.191982383374125,0.3261328600347042,768.2578125,,pass,inertia=1.8534e+07; rel_delta=0,long_safe,kmeans_cpu__d-64__estimated_host_gib-0.916__implementation-numpy_matmul__k-50__max_iter-20__n-300000__profile-long_safe__repeat-3__run_id-long_safe_20260503_190133__seed-1__separation-2.0__threads-16,,0.916,,16,,,,20,2.0
long_safe_20260503_190133,2026-05-03T19:47:17+0800,linux_server_cpu,BI103202,kmeans,numpy_matmul,cpu,linux_server_cpu,300000,,256,5,,,0,9.646328521892428,8.757784869056195,0.29977590637281537,2436.3359375,,pass,inertia=7.64395e+07; rel_delta=0,long_safe,kmeans_cpu__d-256__estimated_host_gib-1.486__implementation-numpy_matmul__k-5__max_iter-20__n-300000__profile-long_safe__repeat-3__run_id-long_safe_20260503_190133__seed-0__separation-1.0__threads-16,,1.486,,16,,,,20,1.0
long_safe_20260503_190133,2026-05-03T19:47:20+0800,linux_server_cpu,BI103202,kmeans,numpy_matmul,cpu,linux_server_cpu,300000,,64,50,,,2,14.871602065861225,13.19105714187026,0.9072565834503621,779.625,,pass,inertia=1.85376e+07; rel_delta=0,long_safe,kmeans_cpu__d-64__estimated_host_gib-0.916__implementation-numpy_matmul__k-50__max_iter-20__n-300000__profile-long_safe__repeat-3__run_id-long_safe_20260503_190133__seed-2__separation-2.0__threads-16,,0.916,,16,,,,20,2.0
long_safe_20260503_190133,2026-05-03T19:47:45+0800,linux_server_cpu,BI103202,kmeans,numpy_matmul,cpu,linux_server_cpu,300000,,256,5,,,1,10.030182274989784,9.132321226876229,0.45349742379039526,2436.2890625,,pass,inertia=7.64473e+07; rel_delta=0,long_safe,kmeans_cpu__d-256__estimated_host_gib-1.486__implementation-numpy_matmul__k-5__max_iter-20__n-300000__profile-long_safe__repeat-3__run_id-long_safe_20260503_190133__seed-1__separation-1.0__threads-16,,1.486,,16,,,,20,1.0
long_safe_20260503_190133,2026-05-03T19:47:47+0800,linux_server_cpu,BI103202,kmeans,numba,cpu,linux_server_cpu,300000,,256,5,,,1,8.279922348912805,7.021816776134074,0.08776848297566175,2516.21484375,,pass,inertia=7.64473e+07; rel_delta=0,long_safe,kmeans_cpu__d-256__estimated_host_gib-1.486__implementation-numba__k-5__max_iter-20__n-300000__profile-long_safe__repeat-3__run_id-long_safe_20260503_190133__seed-1__separation-1.0__threads-16,,1.486,,16,,,,20,1.0
long_safe_20260503_190133,2026-05-03T19:48:24+0800,linux_server_cpu,BI103202,kmeans,numba,cpu,linux_server_cpu,300000,,256,5,,,0,18.064041897654533,17.162760820705444,1.1463023480027914,2516.8515625,,pass,inertia=7.64395e+07; rel_delta=0,long_safe,kmeans_cpu__d-256__estimated_host_gib-1.486__implementation-numba__k-5__max_iter-20__n-300000__profile-long_safe__repeat-3__run_id-long_safe_20260503_190133__seed-0__separation-1.0__threads-16,,1.486,,16,,,,20,1.0
long_safe_20260503_190133,2026-05-03T19:48:32+0800,linux_server_cpu,BI103202,kmeans,numba,cpu,linux_server_cpu,300000,,256,5,,,1,9.21055562607944,7.641461511142552,0.27503118570894003,2516.15625,,pass,inertia=7.66329e+07; rel_delta=0,long_safe,kmeans_cpu__d-256__estimated_host_gib-1.486__implementation-numba__k-5__max_iter-20__n-300000__profile-long_safe__repeat-3__run_id-long_safe_20260503_190133__seed-1__separation-2.0__threads-16,,1.486,,16,,,,20,2.0
long_safe_20260503_190133,2026-05-03T19:48:38+0800,linux_server_cpu,BI103202,kmeans,numpy_matmul,cpu,linux_server_cpu,300000,,256,5,,,2,9.849083445966244,8.07212107302621,0.06277700699865818,2442.18359375,,pass,inertia=7.65963e+07; rel_delta=0,long_safe,kmeans_cpu__d-256__estimated_host_gib-1.486__implementation-numpy_matmul__k-5__max_iter-20__n-300000__profile-long_safe__repeat-3__run_id-long_safe_20260503_190133__seed-2__separation-2.0__threads-16,,1.486,,16,,,,20,2.0
long_safe_20260503_190133,2026-05-03T19:48:49+0800,linux_server_cpu,BI103202,kmeans,numpy_matmul,cpu,linux_server_cpu,300000,,256,5,,,2,22.649998204782605,13.398731875699013,4.429451097967103,2443.01171875,,pass,inertia=7.64233e+07; rel_delta=0,long_safe,kmeans_cpu__d-256__estimated_host_gib-1.486__implementation-numpy_matmul__k-5__max_iter-20__n-300000__profile-long_safe__repeat-3__run_id-long_safe_20260503_190133__seed-2__separation-1.0__threads-16,,1.486,,16,,,,20,1.0
long_safe_20260503_190133,2026-05-03T19:48:54+0800,linux_server_cpu,BI103202,kmeans,numba,cpu,linux_server_cpu,300000,,256,5,,,2,21.003705540671945,17.572669176850468,0.5836818546522409,2544.94921875,,pass,inertia=7.64233e+07; rel_delta=0,long_safe,kmeans_cpu__d-256__estimated_host_gib-1.486__implementation-numba__k-5__max_iter-20__n-300000__profile-long_safe__repeat-3__run_id-long_safe_20260503_190133__seed-2__separation-1.0__threads-16,,1.486,,16,,,,20,1.0
long_safe_20260503_190133,2026-05-03T19:48:52+0800,linux_server_cpu,BI103202,kmeans,numba,cpu,linux_server_cpu,300000,,256,5,,,0,12.021192242857069,21.044883503112942,1.8240805622190237,2516.60546875,,pass,inertia=7.6605e+07; rel_delta=0,long_safe,kmeans_cpu__d-256__estimated_host_gib-1.486__implementation-numba__k-5__max_iter-20__n-300000__profile-long_safe__repeat-3__run_id-long_safe_20260503_190133__seed-0__separation-2.0__threads-16,,1.486,,16,,,,20,2.0
long_safe_20260503_190133,2026-05-03T19:49:05+0800,linux_server_cpu,BI103202,kmeans,numpy_matmul,cpu,linux_server_cpu,300000,,256,5,,,0,21.212790708988905,19.54252841277048,0.9361815615557134,2436.33203125,,pass,inertia=7.6605e+07; rel_delta=0,long_safe,kmeans_cpu__d-256__estimated_host_gib-1.486__implementation-numpy_matmul__k-5__max_iter-20__n-300000__profile-long_safe__repeat-3__run_id-long_safe_20260503_190133__seed-0__separation-2.0__threads-16,,1.486,,16,,,,20,2.0
long_safe_20260503_190133,2026-05-03T19:49:14+0800,linux_server_cpu,BI103202,kmeans,numpy_matmul,cpu,linux_server_cpu,300000,,256,5,,,1,20.111708310898393,20.774418563116342,1.8348277362529188,2436.08984375,,pass,inertia=7.66329e+07; rel_delta=0,long_safe,kmeans_cpu__d-256__estimated_host_gib-1.486__implementation-numpy_matmul__k-5__max_iter-20__n-300000__profile-long_safe__repeat-3__run_id-long_safe_20260503_190133__seed-1__separation-2.0__threads-16,,1.486,,16,,,,20,2.0
long_safe_20260503_190133,2026-05-03T19:49:30+0800,linux_server_cpu,BI103202,kmeans,numpy_matmul,cpu,linux_server_cpu,300000,,256,20,,,0,9.384567448869348,10.434642395935953,0.2600909089669585,2481.3046875,,pass,inertia=7.59017e+07; rel_delta=0,long_safe,kmeans_cpu__d-256__estimated_host_gib-1.654__implementation-numpy_matmul__k-20__max_iter-20__n-300000__profile-long_safe__repeat-3__run_id-long_safe_20260503_190133__seed-0__separation-1.0__threads-16,,1.654,,16,,,,20,1.0
long_safe_20260503_190133,2026-05-03T19:49:35+0800,linux_server_cpu,BI103202,kmeans,numba,cpu,linux_server_cpu,300000,,256,20,,,0,10.52188117383048,9.514879580121487,0.1720855685416609,2548.94921875,,pass,inertia=7.59017e+07; rel_delta=0,long_safe,kmeans_cpu__d-256__estimated_host_gib-1.654__implementation-numba__k-20__max_iter-20__n-300000__profile-long_safe__repeat-3__run_id-long_safe_20260503_190133__seed-0__separation-1.0__threads-16,,1.654,,16,,,,20,1.0
long_safe_20260503_190133,2026-05-03T19:49:40+0800,linux_server_cpu,BI103202,kmeans,numba,cpu,linux_server_cpu,300000,,256,5,,,2,12.895400397013873,11.997592702042311,4.605407118564472,2534.55859375,,pass,inertia=7.65963e+07; rel_delta=0,long_safe,kmeans_cpu__d-256__estimated_host_gib-1.486__implementation-numba__k-5__max_iter-20__n-300000__profile-long_safe__repeat-3__run_id-long_safe_20260503_190133__seed-2__separation-2.0__threads-16,,1.486,,16,,,,20,2.0
long_safe_20260503_190133,2026-05-03T19:49:44+0800,linux_server_cpu,BI103202,kmeans,numba,cpu,linux_server_cpu,300000,,256,20,,,1,9.724066530819982,7.99373267730698,0.4041674656327814,2548.51953125,,pass,inertia=7.59192e+07; rel_delta=0,long_safe,kmeans_cpu__d-256__estimated_host_gib-1.654__implementation-numba__k-20__max_iter-20__n-300000__profile-long_safe__repeat-3__run_id-long_safe_20260503_190133__seed-1__separation-1.0__threads-16,,1.654,,16,,,,20,1.0
long_safe_20260503_190133,2026-05-03T19:50:26+0800,linux_server_cpu,BI103202,kmeans,numpy_matmul,cpu,linux_server_cpu,300000,,256,20,,,0,14.07791701797396,11.223022868856788,1.0534783287439495,2482.46484375,,pass,inertia=7.64347e+07; rel_delta=0,long_safe,kmeans_cpu__d-256__estimated_host_gib-1.654__implementation-numpy_matmul__k-20__max_iter-20__n-300000__profile-long_safe__repeat-3__run_id-long_safe_20260503_190133__seed-0__separation-2.0__threads-16,,1.654,,16,,,,20,2.0
long_safe_20260503_190133,2026-05-03T19:50:28+0800,linux_server_cpu,BI103202,kmeans,numpy_matmul,cpu,linux_server_cpu,300000,,256,20,,,1,9.14592693792656,9.00522014638409,0.2076019225642085,2480.546875,,pass,inertia=7.63924e+07; rel_delta=0,long_safe,kmeans_cpu__d-256__estimated_host_gib-1.654__implementation-numpy_matmul__k-20__max_iter-20__n-300000__profile-long_safe__repeat-3__run_id-long_safe_20260503_190133__seed-1__separation-2.0__threads-16,,1.654,,16,,,,20,2.0
long_safe_20260503_190133,2026-05-03T19:50:30+0800,linux_server_cpu,BI103202,kmeans,numba,cpu,linux_server_cpu,300000,,256,20,,,2,14.997871916741133,15.211144163738936,4.877836054889485,2548.75390625,,pass,inertia=7.58994e+07; rel_delta=0,long_safe,kmeans_cpu__d-256__estimated_host_gib-1.654__implementation-numba__k-20__max_iter-20__n-300000__profile-long_safe__repeat-3__run_id-long_safe_20260503_190133__seed-2__separation-1.0__threads-16,,1.654,,16,,,,20,1.0
long_safe_20260503_190133,2026-05-03T19:50:33+0800,linux_server_cpu,BI103202,kmeans,numba,cpu,linux_server_cpu,300000,,256,20,,,1,9.77046607574448,8.926222569774836,0.2602500948123634,2548.453125,,pass,inertia=7.63924e+07; rel_delta=0,long_safe,kmeans_cpu__d-256__estimated_host_gib-1.654__implementation-numba__k-20__max_iter-20__n-300000__profile-long_safe__repeat-3__run_id-long_safe_20260503_190133__seed-1__separation-2.0__threads-16,,1.654,,16,,,,20,2.0
long_safe_20260503_190133,2026-05-03T19:50:47+0800,linux_server_cpu,BI103202,kmeans,numpy_matmul,cpu,linux_server_cpu,300000,,256,20,,,1,20.787396255880594,23.94727102201432,1.534679246833548,2480.1953125,,pass,inertia=7.59192e+07; rel_delta=0,long_safe,kmeans_cpu__d-256__estimated_host_gib-1.654__implementation-numpy_matmul__k-20__max_iter-20__n-300000__profile-long_safe__repeat-3__run_id-long_safe_20260503_190133__seed-1__separation-1.0__threads-16,,1.654,,16,,,,20,1.0
long_safe_20260503_190133,2026-05-03T19:50:46+0800,linux_server_cpu,BI103202,kmeans,numpy_matmul,cpu,linux_server_cpu,300000,,256,20,,,2,17.83643611287698,20.97419031802565,1.7242304659448564,2481.3984375,,pass,inertia=7.58994e+07; rel_delta=0,long_safe,kmeans_cpu__d-256__estimated_host_gib-1.654__implementation-numpy_matmul__k-20__max_iter-20__n-300000__profile-long_safe__repeat-3__run_id-long_safe_20260503_190133__seed-2__separation-1.0__threads-16,,1.654,,16,,,,20,1.0
long_safe_20260503_190133,2026-05-03T19:51:31+0800,linux_server_cpu,BI103202,kmeans,numpy_matmul,cpu,linux_server_cpu,300000,,256,20,,,2,19.27671043900773,19.940785937942564,2.4755318590905517,2481.234375,,pass,inertia=7.63464e+07; rel_delta=0,long_safe,kmeans_cpu__d-256__estimated_host_gib-1.654__implementation-numpy_matmul__k-20__max_iter-20__n-300000__profile-long_safe__repeat-3__run_id-long_safe_20260503_190133__seed-2__separation-2.0__threads-16,,1.654,,16,,,,20,2.0
long_safe_20260503_190133,2026-05-03T19:51:34+0800,linux_server_cpu,BI103202,kmeans,numba,cpu,linux_server_cpu,300000,,256,20,,,0,22.987563719041646,24.175872919149697,3.578736432828009,2549.3671875,,pass,inertia=7.64347e+07; rel_delta=0,long_safe,kmeans_cpu__d-256__estimated_host_gib-1.654__implementation-numba__k-20__max_iter-20__n-300000__profile-long_safe__repeat-3__run_id-long_safe_20260503_190133__seed-0__separation-2.0__threads-16,,1.654,,16,,,,20,2.0
long_safe_20260503_190133,2026-05-03T19:51:35+0800,linux_server_cpu,BI103202,kmeans,numba,cpu,linux_server_cpu,300000,,256,20,,,2,13.968643374741077,11.939960562158376,1.633916736813262,2548.0625,,pass,inertia=7.63464e+07; rel_delta=0,long_safe,kmeans_cpu__d-256__estimated_host_gib-1.654__implementation-numba__k-20__max_iter-20__n-300000__profile-long_safe__repeat-3__run_id-long_safe_20260503_190133__seed-2__separation-2.0__threads-16,,1.654,,16,,,,20,2.0
long_safe_20260503_190133,2026-05-03T19:51:37+0800,linux_server_cpu,BI103202,kmeans,numba,cpu,linux_server_cpu,300000,,256,50,,,0,14.07085945410654,11.338946945033967,0.08864125772379339,2594.63671875,,pass,inertia=7.54044e+07; rel_delta=0,long_safe,kmeans_cpu__d-256__estimated_host_gib-1.99__implementation-numba__k-50__max_iter-20__n-300000__profile-long_safe__repeat-3__run_id-long_safe_20260503_190133__seed-0__separation-1.0__threads-16,,1.99,,16,,,,20,1.0
long_safe_20260503_190133,2026-05-03T19:51:35+0800,linux_server_cpu,BI103202,kmeans,numpy_matmul,cpu,linux_server_cpu,300000,,256,50,,,1,11.274707414209843,10.30116755515337,0.8628840858582407,2550.125,,pass,inertia=7.54117e+07; rel_delta=0,long_safe,kmeans_cpu__d-256__estimated_host_gib-1.99__implementation-numpy_matmul__k-50__max_iter-20__n-300000__profile-long_safe__repeat-3__run_id-long_safe_20260503_190133__seed-1__separation-1.0__threads-16,,1.99,,16,,,,20,1.0
long_safe_20260503_190133,2026-05-03T19:52:23+0800,linux_server_cpu,BI103202,kmeans,numpy_matmul,cpu,linux_server_cpu,300000,,256,50,,,0,25.404809959232807,24.915891968179494,2.275172403315082,2548.8203125,,pass,inertia=7.54044e+07; rel_delta=0,long_safe,kmeans_cpu__d-256__estimated_host_gib-1.99__implementation-numpy_matmul__k-50__max_iter-20__n-300000__profile-long_safe__repeat-3__run_id-long_safe_20260503_190133__seed-0__separation-1.0__threads-16,,1.99,,16,,,,20,1.0
long_safe_20260503_190133,2026-05-03T19:52:32+0800,linux_server_cpu,BI103202,kmeans,numba,cpu,linux_server_cpu,300000,,256,50,,,2,11.82045455602929,10.912540507037193,0.10041004233062267,2587.82421875,,pass,inertia=7.53996e+07; rel_delta=0,long_safe,kmeans_cpu__d-256__estimated_host_gib-1.99__implementation-numba__k-50__max_iter-20__n-300000__profile-long_safe__repeat-3__run_id-long_safe_20260503_190133__seed-2__separation-1.0__threads-16,,1.99,,16,,,,20,1.0
long_safe_20260503_190133,2026-05-03T19:52:45+0800,linux_server_cpu,BI103202,kmeans,numba,cpu,linux_server_cpu,300000,,256,50,,,1,30.96435540029779,20.60521564166993,6.838429870549589,2592.98828125,,pass,inertia=7.54117e+07; rel_delta=0,long_safe,kmeans_cpu__d-256__estimated_host_gib-1.99__implementation-numba__k-50__max_iter-20__n-300000__profile-long_safe__repeat-3__run_id-long_safe_20260503_190133__seed-1__separation-1.0__threads-16,,1.99,,16,,,,20,1.0
long_safe_20260503_190133,2026-05-03T19:52:53+0800,linux_server_cpu,BI103202,kmeans,numpy_matmul,cpu,linux_server_cpu,300000,,256,50,,,1,13.755199050996453,14.51103280717507,0.2586153030861169,2549.56640625,,pass,inertia=7.62368e+07; rel_delta=0,long_safe,kmeans_cpu__d-256__estimated_host_gib-1.99__implementation-numpy_matmul__k-50__max_iter-20__n-300000__profile-long_safe__repeat-3__run_id-long_safe_20260503_190133__seed-1__separation-2.0__threads-16,,1.99,,16,,,,20,2.0
long_safe_20260503_190133,2026-05-03T19:53:10+0800,linux_server_cpu,BI103202,kmeans,numpy_matmul,cpu,linux_server_cpu,300000,,256,50,,,2,27.834458529017866,27.06785347405821,1.1916232339572161,2546.99609375,,pass,inertia=7.53996e+07; rel_delta=0,long_safe,kmeans_cpu__d-256__estimated_host_gib-1.99__implementation-numpy_matmul__k-50__max_iter-20__n-300000__profile-long_safe__repeat-3__run_id-long_safe_20260503_190133__seed-2__separation-1.0__threads-16,,1.99,,16,,,,20,1.0
long_safe_20260503_190133,2026-05-03T19:53:20+0800,linux_server_cpu,BI103202,kmeans,numpy_matmul,cpu,linux_server_cpu,300000,,256,50,,,2,11.048228558618575,10.017446185927838,0.9027479619253427,2548.03515625,,pass,inertia=7.62327e+07; rel_delta=0,long_safe,kmeans_cpu__d-256__estimated_host_gib-1.99__implementation-numpy_matmul__k-50__max_iter-20__n-300000__profile-long_safe__repeat-3__run_id-long_safe_20260503_190133__seed-2__separation-2.0__threads-16,,1.99,,16,,,,20,2.0
long_safe_20260503_190133,2026-05-03T19:53:28+0800,linux_server_cpu,BI103202,kmeans,numpy_matmul,cpu,linux_server_cpu,300000,,256,50,,,0,26.29223430575803,17.13891461165622,3.2940624488983303,2547.4921875,,pass,inertia=7.62362e+07; rel_delta=0,long_safe,kmeans_cpu__d-256__estimated_host_gib-1.99__implementation-numpy_matmul__k-50__max_iter-20__n-300000__profile-long_safe__repeat-3__run_id-long_safe_20260503_190133__seed-0__separation-2.0__threads-16,,1.99,,16,,,,20,2.0
long_safe_20260503_190133,2026-05-03T19:53:26+0800,linux_server_cpu,BI103202,kmeans,numba,cpu,linux_server_cpu,1000000,,10,5,,,0,6.400716044940054,4.922303859144449,0.372208385495469,519.8515625,,pass,inertia=8.64523e+06; rel_delta=0,long_safe,kmeans_cpu__d-10__estimated_host_gib-0.373__implementation-numba__k-5__max_iter-20__n-1000000__profile-long_safe__repeat-3__run_id-long_safe_20260503_190133__seed-0__separation-1.0__threads-16,,0.373,,16,,,,20,1.0
long_safe_20260503_190133,2026-05-03T19:53:37+0800,linux_server_cpu,BI103202,kmeans,numpy_matmul,cpu,linux_server_cpu,1000000,,10,5,,,0,8.463308110833168,9.098372815176845,1.0747535941191018,450.078125,,pass,inertia=8.64523e+06; rel_delta=0,long_safe,kmeans_cpu__d-10__estimated_host_gib-0.373__implementation-numpy_matmul__k-5__max_iter-20__n-1000000__profile-long_safe__repeat-3__run_id-long_safe_20260503_190133__seed-0__separation-1.0__threads-16,,0.373,,16,,,,20,1.0
long_safe_20260503_190133,2026-05-03T19:53:43+0800,linux_server_cpu,BI103202,kmeans,numba,cpu,linux_server_cpu,300000,,256,50,,,0,26.785731382202357,22.191504227928817,1.8496731885243207,2592.69140625,,pass,inertia=7.62362e+07; rel_delta=0,long_safe,kmeans_cpu__d-256__estimated_host_gib-1.99__implementation-numba__k-50__max_iter-20__n-300000__profile-long_safe__repeat-3__run_id-long_safe_20260503_190133__seed-0__separation-2.0__threads-16,,1.99,,16,,,,20,2.0
long_safe_20260503_190133,2026-05-03T19:53:43+0800,linux_server_cpu,BI103202,kmeans,numba,cpu,linux_server_cpu,300000,,256,50,,,1,20.203092850279063,27.43237469578162,3.2629316044040024,2596.140625,,pass,inertia=7.62368e+07; rel_delta=0,long_safe,kmeans_cpu__d-256__estimated_host_gib-1.99__implementation-numba__k-50__max_iter-20__n-300000__profile-long_safe__repeat-3__run_id-long_safe_20260503_190133__seed-1__separation-2.0__threads-16,,1.99,,16,,,,20,2.0
long_safe_20260503_190133,2026-05-03T19:53:47+0800,linux_server_cpu,BI103202,kmeans,numpy_matmul,cpu,linux_server_cpu,1000000,,10,5,,,1,6.208419319242239,5.523935868870467,0.09641644731163979,450.68359375,,pass,inertia=8.60667e+06; rel_delta=0,long_safe,kmeans_cpu__d-10__estimated_host_gib-0.373__implementation-numpy_matmul__k-5__max_iter-20__n-1000000__profile-long_safe__repeat-3__run_id-long_safe_20260503_190133__seed-1__separation-1.0__threads-16,,0.373,,16,,,,20,1.0
long_safe_20260503_190133,2026-05-03T19:53:54+0800,linux_server_cpu,BI103202,kmeans,numba,cpu,linux_server_cpu,1000000,,10,5,,,1,8.544275387190282,5.029516018927097,0.7848836325574666,519.56640625,,pass,inertia=8.60667e+06; rel_delta=0,long_safe,kmeans_cpu__d-10__estimated_host_gib-0.373__implementation-numba__k-5__max_iter-20__n-1000000__profile-long_safe__repeat-3__run_id-long_safe_20260503_190133__seed-1__separation-1.0__threads-16,,0.373,,16,,,,20,1.0
long_safe_20260503_190133,2026-05-03T19:54:06+0800,linux_server_cpu,BI103202,kmeans,numpy_matmul,cpu,linux_server_cpu,1000000,,10,5,,,2,5.68674762127921,5.8089047451503575,0.997714324388653,454.7265625,,pass,inertia=8.67552e+06; rel_delta=0,long_safe,kmeans_cpu__d-10__estimated_host_gib-0.373__implementation-numpy_matmul__k-5__max_iter-20__n-1000000__profile-long_safe__repeat-3__run_id-long_safe_20260503_190133__seed-2__separation-1.0__threads-16,,0.373,,16,,,,20,1.0
long_safe_20260503_190133,2026-05-03T19:54:05+0800,linux_server_cpu,BI103202,kmeans,numba,cpu,linux_server_cpu,1000000,,10,5,,,2,7.241595699917525,5.980104562826455,0.27202110388316214,524.609375,,pass,inertia=8.67552e+06; rel_delta=0,long_safe,kmeans_cpu__d-10__estimated_host_gib-0.373__implementation-numba__k-5__max_iter-20__n-1000000__profile-long_safe__repeat-3__run_id-long_safe_20260503_190133__seed-2__separation-1.0__threads-16,,0.373,,16,,,,20,1.0
long_safe_20260503_190133,2026-05-03T19:54:07+0800,linux_server_cpu,BI103202,kmeans,numpy_matmul,cpu,linux_server_cpu,1000000,,10,5,,,0,4.783339800778776,4.753716733772308,0.07130943797528744,450.16015625,,pass,inertia=9.18935e+06; rel_delta=0,long_safe,kmeans_cpu__d-10__estimated_host_gib-0.373__implementation-numpy_matmul__k-5__max_iter-20__n-1000000__profile-long_safe__repeat-3__run_id-long_safe_20260503_190133__seed-0__separation-2.0__threads-16,,0.373,,16,,,,20,2.0
long_safe_20260503_190133,2026-05-03T19:54:07+0800,linux_server_cpu,BI103202,kmeans,numba,cpu,linux_server_cpu,1000000,,10,5,,,0,4.515763491857797,3.407342142891139,0.06774308020249009,519.73828125,,pass,inertia=9.18935e+06; rel_delta=0,long_safe,kmeans_cpu__d-10__estimated_host_gib-0.373__implementation-numba__k-5__max_iter-20__n-1000000__profile-long_safe__repeat-3__run_id-long_safe_20260503_190133__seed-0__separation-2.0__threads-16,,0.373,,16,,,,20,2.0
long_safe_20260503_190133,2026-05-03T19:54:18+0800,linux_server_cpu,BI103202,kmeans,numba,cpu,linux_server_cpu,300000,,256,50,,,2,21.311409431975335,20.232154849916697,3.9069781086873263,2591.8046875,,pass,inertia=7.62327e+07; rel_delta=0,long_safe,kmeans_cpu__d-256__estimated_host_gib-1.99__implementation-numba__k-50__max_iter-20__n-300000__profile-long_safe__repeat-3__run_id-long_safe_20260503_190133__seed-2__separation-2.0__threads-16,,1.99,,16,,,,20,2.0
long_safe_20260503_190133,2026-05-03T19:54:29+0800,linux_server_cpu,BI103202,kmeans,numpy_matmul,cpu,linux_server_cpu,1000000,,10,5,,,1,8.050631774123758,9.183196863159537,1.5036263468209654,445.33203125,,pass,inertia=9.06881e+06; rel_delta=0,long_safe,kmeans_cpu__d-10__estimated_host_gib-0.373__implementation-numpy_matmul__k-5__max_iter-20__n-1000000__profile-long_safe__repeat-3__run_id-long_safe_20260503_190133__seed-1__separation-2.0__threads-16,,0.373,,16,,,,20,2.0
long_safe_20260503_190133,2026-05-03T19:54:28+0800,linux_server_cpu,BI103202,kmeans,numba,cpu,linux_server_cpu,1000000,,10,5,,,1,6.793280040845275,6.489931976888329,0.6478575286455452,515.01171875,,pass,inertia=9.06881e+06; rel_delta=0,long_safe,kmeans_cpu__d-10__estimated_host_gib-0.373__implementation-numba__k-5__max_iter-20__n-1000000__profile-long_safe__repeat-3__run_id-long_safe_20260503_190133__seed-1__separation-2.0__threads-16,,0.373,,16,,,,20,2.0
long_safe_20260503_190133,2026-05-03T19:54:33+0800,linux_server_cpu,BI103202,kmeans,numba,cpu,linux_server_cpu,1000000,,10,5,,,2,5.854868689086288,4.525539550930262,0.05704003619030118,516.33984375,,pass,inertia=9.26623e+06; rel_delta=0,long_safe,kmeans_cpu__d-10__estimated_host_gib-0.373__implementation-numba__k-5__max_iter-20__n-1000000__profile-long_safe__repeat-3__run_id-long_safe_20260503_190133__seed-2__separation-2.0__threads-16,,0.373,,16,,,,20,2.0
long_safe_20260503_190133,2026-05-03T19:54:34+0800,linux_server_cpu,BI103202,kmeans,numba,cpu,linux_server_cpu,1000000,,10,20,,,0,5.327073419000953,4.013046068139374,0.13315782276913524,738.0234375,,pass,inertia=7.11422e+06; rel_delta=0,long_safe,kmeans_cpu__d-10__estimated_host_gib-0.931__implementation-numba__k-20__max_iter-20__n-1000000__profile-long_safe__repeat-3__run_id-long_safe_20260503_190133__seed-0__separation-1.0__threads-16,,0.931,,16,,,,20,1.0
long_safe_20260503_190133,2026-05-03T19:54:40+0800,linux_server_cpu,BI103202,kmeans,numpy_matmul,cpu,linux_server_cpu,1000000,,10,5,,,2,6.575392874889076,9.742824629880488,0.7262356283608824,447.76171875,,pass,inertia=9.26623e+06; rel_delta=0,long_safe,kmeans_cpu__d-10__estimated_host_gib-0.373__implementation-numpy_matmul__k-5__max_iter-20__n-1000000__profile-long_safe__repeat-3__run_id-long_safe_20260503_190133__seed-2__separation-2.0__threads-16,,0.373,,16,,,,20,2.0
long_safe_20260503_190133,2026-05-03T19:54:56+0800,linux_server_cpu,BI103202,kmeans,numpy_matmul,cpu,linux_server_cpu,1000000,,10,20,,,1,7.9382806876674294,8.020386350341141,1.390668110921979,703.43359375,,pass,inertia=7.03302e+06; rel_delta=0,long_safe,kmeans_cpu__d-10__estimated_host_gib-0.931__implementation-numpy_matmul__k-20__max_iter-20__n-1000000__profile-long_safe__repeat-3__run_id-long_safe_20260503_190133__seed-1__separation-1.0__threads-16,,0.931,,16,,,,20,1.0
long_safe_20260503_190133,2026-05-03T19:55:07+0800,linux_server_cpu,BI103202,kmeans,numba,cpu,linux_server_cpu,1000000,,10,20,,,2,6.244621653109789,5.81244057090953,0.891653317026794,730.0390625,,pass,inertia=7.10772e+06; rel_delta=0,long_safe,kmeans_cpu__d-10__estimated_host_gib-0.931__implementation-numba__k-20__max_iter-20__n-1000000__profile-long_safe__repeat-3__run_id-long_safe_20260503_190133__seed-2__separation-1.0__threads-16,,0.931,,16,,,,20,1.0
long_safe_20260503_190133,2026-05-03T19:55:15+0800,linux_server_cpu,BI103202,kmeans,numpy_matmul,cpu,linux_server_cpu,1000000,,10,20,,,0,13.990703424904495,13.283938101958483,3.4606823965441436,714.7890625,,pass,inertia=7.11422e+06; rel_delta=0,long_safe,kmeans_cpu__d-10__estimated_host_gib-0.931__implementation-numpy_matmul__k-20__max_iter-20__n-1000000__profile-long_safe__repeat-3__run_id-long_safe_20260503_190133__seed-0__separation-1.0__threads-16,,0.931,,16,,,,20,1.0
long_safe_20260503_190133,2026-05-03T19:55:12+0800,linux_server_cpu,BI103202,kmeans,numba,cpu,linux_server_cpu,1000000,,10,20,,,1,8.761858833953738,8.731137041933835,1.342816076008603,730.82421875,,pass,inertia=7.03302e+06; rel_delta=0,long_safe,kmeans_cpu__d-10__estimated_host_gib-0.931__implementation-numba__k-20__max_iter-20__n-1000000__profile-long_safe__repeat-3__run_id-long_safe_20260503_190133__seed-1__separation-1.0__threads-16,,0.931,,16,,,,20,1.0
long_safe_20260503_190133,2026-05-03T19:55:26+0800,linux_server_cpu,BI103202,kmeans,numpy_matmul,cpu,linux_server_cpu,1000000,,10,20,,,2,12.130562721285969,9.180071853101254,0.27275165100581944,701.7109375,,pass,inertia=7.10772e+06; rel_delta=0,long_safe,kmeans_cpu__d-10__estimated_host_gib-0.931__implementation-numpy_matmul__k-20__max_iter-20__n-1000000__profile-long_safe__repeat-3__run_id-long_safe_20260503_190133__seed-2__separation-1.0__threads-16,,0.931,,16,,,,20,1.0
long_safe_20260503_190133,2026-05-03T19:55:26+0800,linux_server_cpu,BI103202,kmeans,numba,cpu,linux_server_cpu,1000000,,10,20,,,0,10.548762574791908,7.771777075249702,0.9313449105247855,728.6953125,,pass,inertia=8.32268e+06; rel_delta=0,long_safe,kmeans_cpu__d-10__estimated_host_gib-0.931__implementation-numba__k-20__max_iter-20__n-1000000__profile-long_safe__repeat-3__run_id-long_safe_20260503_190133__seed-0__separation-2.0__threads-16,,0.931,,16,,,,20,2.0
long_safe_20260503_190133,2026-05-03T19:55:24+0800,linux_server_cpu,BI103202,kmeans,numba,cpu,linux_server_cpu,1000000,,10,20,,,1,5.145663938019425,3.997985125053674,0.17677245289087296,731.15625,,pass,inertia=8.14873e+06; rel_delta=0,long_safe,kmeans_cpu__d-10__estimated_host_gib-0.931__implementation-numba__k-20__max_iter-20__n-1000000__profile-long_safe__repeat-3__run_id-long_safe_20260503_190133__seed-1__separation-2.0__threads-16,,0.931,,16,,,,20,2.0
long_safe_20260503_190133,2026-05-03T19:55:50+0800,linux_server_cpu,BI103202,kmeans,numpy_matmul,cpu,linux_server_cpu,1000000,,10,20,,,0,17.475339740049094,14.541204519104213,2.1208396411966532,709.9765625,,pass,inertia=8.32268e+06; rel_delta=0,long_safe,kmeans_cpu__d-10__estimated_host_gib-0.931__implementation-numpy_matmul__k-20__max_iter-20__n-1000000__profile-long_safe__repeat-3__run_id-long_safe_20260503_190133__seed-0__separation-2.0__threads-16,,0.931,,16,,,,20,2.0
long_safe_20260503_190133,2026-05-03T19:55:53+0800,linux_server_cpu,BI103202,kmeans,numpy_matmul,cpu,linux_server_cpu,1000000,,10,20,,,1,15.910970057360828,14.228210316039622,2.3839636056218296,703.7265625,,pass,inertia=8.14873e+06; rel_delta=0,long_safe,kmeans_cpu__d-10__estimated_host_gib-0.931__implementation-numpy_matmul__k-20__max_iter-20__n-1000000__profile-long_safe__repeat-3__run_id-long_safe_20260503_190133__seed-1__separation-2.0__threads-16,,0.931,,16,,,,20,2.0
long_safe_20260503_190133,2026-05-03T19:55:49+0800,linux_server_cpu,BI103202,kmeans,numpy_matmul,cpu,linux_server_cpu,1000000,,10,20,,,2,7.220756396185607,7.026056127157062,0.2942791637033224,703.8515625,,pass,inertia=8.28565e+06; rel_delta=0,long_safe,kmeans_cpu__d-10__estimated_host_gib-0.931__implementation-numpy_matmul__k-20__max_iter-20__n-1000000__profile-long_safe__repeat-3__run_id-long_safe_20260503_190133__seed-2__separation-2.0__threads-16,,0.931,,16,,,,20,2.0
long_safe_20260503_190133,2026-05-03T19:55:59+0800,linux_server_cpu,BI103202,kmeans,numba,cpu,linux_server_cpu,1000000,,10,20,,,2,9.027741223108023,5.914918084163219,0.8387303680647165,729.08203125,,pass,inertia=8.28565e+06; rel_delta=0,long_safe,kmeans_cpu__d-10__estimated_host_gib-0.931__implementation-numba__k-20__max_iter-20__n-1000000__profile-long_safe__repeat-3__run_id-long_safe_20260503_190133__seed-2__separation-2.0__threads-16,,0.931,,16,,,,20,2.0
long_safe_20260503_190133,2026-05-03T19:56:03+0800,linux_server_cpu,BI103202,kmeans,numba,cpu,linux_server_cpu,1000000,,10,50,,,1,6.201913425233215,5.105718815233558,0.05677238176576793,1415.97265625,,pass,inertia=6.05832e+06; rel_delta=0,long_safe,kmeans_cpu__d-10__estimated_host_gib-2.049__implementation-numba__k-50__max_iter-20__n-1000000__profile-long_safe__repeat-3__run_id-long_safe_20260503_190133__seed-1__separation-1.0__threads-16,,2.049,,16,,,,20,1.0
long_safe_20260503_190133,2026-05-03T19:56:12+0800,linux_server_cpu,BI103202,kmeans,numba,cpu,linux_server_cpu,1000000,,10,50,,,0,7.4852217570878565,7.04454539436847,0.36246813111938536,1415.3359375,,pass,inertia=6.10478e+06; rel_delta=0,long_safe,kmeans_cpu__d-10__estimated_host_gib-2.049__implementation-numba__k-50__max_iter-20__n-1000000__profile-long_safe__repeat-3__run_id-long_safe_20260503_190133__seed-0__separation-1.0__threads-16,,2.049,,16,,,,20,1.0
long_safe_20260503_190133,2026-05-03T19:56:35+0800,linux_server_cpu,BI103202,kmeans,numpy_matmul,cpu,linux_server_cpu,1000000,,10,50,,,0,13.301294202916324,14.339864575769752,0.02423507790081203,1379.16015625,,pass,inertia=6.10478e+06; rel_delta=0,long_safe,kmeans_cpu__d-10__estimated_host_gib-2.049__implementation-numpy_matmul__k-50__max_iter-20__n-1000000__profile-long_safe__repeat-3__run_id-long_safe_20260503_190133__seed-0__separation-1.0__threads-16,,2.049,,16,,,,20,1.0
long_safe_20260503_190133,2026-05-03T19:56:39+0800,linux_server_cpu,BI103202,kmeans,numba,cpu,linux_server_cpu,1000000,,10,50,,,0,6.781924559734762,5.478262488730252,0.11629953258670866,1415.3515625,,pass,inertia=7.55233e+06; rel_delta=0,long_safe,kmeans_cpu__d-10__estimated_host_gib-2.049__implementation-numba__k-50__max_iter-20__n-1000000__profile-long_safe__repeat-3__run_id-long_safe_20260503_190133__seed-0__separation-2.0__threads-16,,2.049,,16,,,,20,2.0
long_safe_20260503_190133,2026-05-03T19:56:51+0800,linux_server_cpu,BI103202,kmeans,numba,cpu,linux_server_cpu,1000000,,10,50,,,2,10.203008501324803,8.649736365769058,0.3594630297739059,1416.2734375,,pass,inertia=6.02335e+06; rel_delta=0,long_safe,kmeans_cpu__d-10__estimated_host_gib-2.049__implementation-numba__k-50__max_iter-20__n-1000000__profile-long_safe__repeat-3__run_id-long_safe_20260503_190133__seed-2__separation-1.0__threads-16,,2.049,,16,,,,20,1.0
long_safe_20260503_190133,2026-05-03T19:56:55+0800,linux_server_cpu,BI103202,kmeans,numpy_matmul,cpu,linux_server_cpu,1000000,,10,50,,,1,17.26640259195119,16.554054745007306,1.7744877729564905,1379.453125,,pass,inertia=6.05832e+06; rel_delta=0,long_safe,kmeans_cpu__d-10__estimated_host_gib-2.049__implementation-numpy_matmul__k-50__max_iter-20__n-1000000__profile-long_safe__repeat-3__run_id-long_safe_20260503_190133__seed-1__separation-1.0__threads-16,,2.049,,16,,,,20,1.0
long_safe_20260503_190133,2026-05-03T19:56:59+0800,linux_server_cpu,BI103202,kmeans,numba,cpu,linux_server_cpu,1000000,,10,50,,,1,8.146048333961517,6.4667383609339595,0.4751939200796187,1415.515625,,pass,inertia=7.38501e+06; rel_delta=0,long_safe,kmeans_cpu__d-10__estimated_host_gib-2.049__implementation-numba__k-50__max_iter-20__n-1000000__profile-long_safe__repeat-3__run_id-long_safe_20260503_190133__seed-1__separation-2.0__threads-16,,2.049,,16,,,,20,2.0
long_safe_20260503_190133,2026-05-03T19:57:00+0800,linux_server_cpu,BI103202,kmeans,numpy_matmul,cpu,linux_server_cpu,1000000,,10,50,,,0,13.31090469704941,13.082214209716767,0.3365108026191592,1379.05078125,,pass,inertia=7.55233e+06; rel_delta=0,long_safe,kmeans_cpu__d-10__estimated_host_gib-2.049__implementation-numpy_matmul__k-50__max_iter-20__n-1000000__profile-long_safe__repeat-3__run_id-long_safe_20260503_190133__seed-0__separation-2.0__threads-16,,2.049,,16,,,,20,2.0
long_safe_20260503_190133,2026-05-03T19:57:16+0800,linux_server_cpu,BI103202,kmeans,numpy_matmul,cpu,linux_server_cpu,1000000,,10,50,,,2,13.64222797518596,17.80481743114069,4.359575481386855,1379.265625,,pass,inertia=6.02335e+06; rel_delta=0,long_safe,kmeans_cpu__d-10__estimated_host_gib-2.049__implementation-numpy_matmul__k-50__max_iter-20__n-1000000__profile-long_safe__repeat-3__run_id-long_safe_20260503_190133__seed-2__separation-1.0__threads-16,,2.049,,16,,,,20,1.0
long_safe_20260503_190133,2026-05-03T19:57:20+0800,linux_server_cpu,BI103202,kmeans,numba,cpu,linux_server_cpu,1000000,,10,50,,,2,6.161346236243844,5.400787447113544,0.057766315527260303,1415.703125,,pass,inertia=7.30305e+06; rel_delta=0,long_safe,kmeans_cpu__d-10__estimated_host_gib-2.049__implementation-numba__k-50__max_iter-20__n-1000000__profile-long_safe__repeat-3__run_id-long_safe_20260503_190133__seed-2__separation-2.0__threads-16,,2.049,,16,,,,20,2.0
long_safe_20260503_190133,2026-05-03T19:57:46+0800,linux_server_cpu,BI103202,kmeans,numba,cpu,linux_server_cpu,1000000,,64,5,,,0,8.605359735898674,7.618781162891537,0.052972533041611314,2104.33203125,,pass,inertia=6.27652e+07; rel_delta=0,long_safe,kmeans_cpu__d-64__estimated_host_gib-1.378__implementation-numba__k-5__max_iter-20__n-1000000__profile-long_safe__repeat-3__run_id-long_safe_20260503_190133__seed-0__separation-1.0__threads-16,,1.378,,16,,,,20,1.0
long_safe_20260503_190133,2026-05-03T19:57:56+0800,linux_server_cpu,BI103202,kmeans,numpy_matmul,cpu,linux_server_cpu,1000000,,10,50,,,1,25.237625206820667,18.843555289320648,0.23854915075935423,1379.5234375,,pass,inertia=7.38501e+06; rel_delta=0,long_safe,kmeans_cpu__d-10__estimated_host_gib-2.049__implementation-numpy_matmul__k-50__max_iter-20__n-1000000__profile-long_safe__repeat-3__run_id-long_safe_20260503_190133__seed-1__separation-2.0__threads-16,,2.049,,16,,,,20,2.0
long_safe_20260503_190133,2026-05-03T19:58:08+0800,linux_server_cpu,BI103202,kmeans,numpy_matmul,cpu,linux_server_cpu,1000000,,10,50,,,2,18.54660701425746,14.072908898349851,3.7060659071430564,1379.10546875,,pass,inertia=7.30305e+06; rel_delta=0,long_safe,kmeans_cpu__d-10__estimated_host_gib-2.049__implementation-numpy_matmul__k-50__max_iter-20__n-1000000__profile-long_safe__repeat-3__run_id-long_safe_20260503_190133__seed-2__separation-2.0__threads-16,,2.049,,16,,,,20,2.0
long_safe_20260503_190133,2026-05-03T19:58:13+0800,linux_server_cpu,BI103202,kmeans,numpy_matmul,cpu,linux_server_cpu,1000000,,64,5,,,0,19.485884836874902,13.60869667911902,0.4692434121388942,2034.328125,,pass,inertia=6.27652e+07; rel_delta=0,long_safe,kmeans_cpu__d-64__estimated_host_gib-1.378__implementation-numpy_matmul__k-5__max_iter-20__n-1000000__profile-long_safe__repeat-3__run_id-long_safe_20260503_190133__seed-0__separation-1.0__threads-16,,1.378,,16,,,,20,1.0
long_safe_20260503_190133,2026-05-03T19:58:35+0800,linux_server_cpu,BI103202,kmeans,numba,cpu,linux_server_cpu,1000000,,64,5,,,1,15.836659400258213,19.324819170869887,1.1622578776441514,2080.76953125,,pass,inertia=6.27733e+07; rel_delta=0,long_safe,kmeans_cpu__d-64__estimated_host_gib-1.378__implementation-numba__k-5__max_iter-20__n-1000000__profile-long_safe__repeat-3__run_id-long_safe_20260503_190133__seed-1__separation-1.0__threads-16,,1.378,,16,,,,20,1.0
long_safe_20260503_190133,2026-05-03T19:58:41+0800,linux_server_cpu,BI103202,kmeans,numpy_matmul,cpu,linux_server_cpu,1000000,,64,5,,,1,12.834273512009531,21.931789869908243,2.9670134223997593,2010.53125,,pass,inertia=6.27733e+07; rel_delta=0,long_safe,kmeans_cpu__d-64__estimated_host_gib-1.378__implementation-numpy_matmul__k-5__max_iter-20__n-1000000__profile-long_safe__repeat-3__run_id-long_safe_20260503_190133__seed-1__separation-1.0__threads-16,,1.378,,16,,,,20,1.0
long_safe_20260503_190133,2026-05-03T19:58:38+0800,linux_server_cpu,BI103202,kmeans,numpy_matmul,cpu,linux_server_cpu,1000000,,64,5,,,2,15.0446124849841,14.99124550493434,0.6720435526221991,2031.6796875,,pass,inertia=6.27376e+07; rel_delta=0,long_safe,kmeans_cpu__d-64__estimated_host_gib-1.378__implementation-numpy_matmul__k-5__max_iter-20__n-1000000__profile-long_safe__repeat-3__run_id-long_safe_20260503_190133__seed-2__separation-1.0__threads-16,,1.378,,16,,,,20,1.0
long_safe_20260503_190133,2026-05-03T19:58:43+0800,linux_server_cpu,BI103202,kmeans,numba,cpu,linux_server_cpu,1000000,,64,5,,,2,15.31795015791431,13.683719594962895,0.6613685579504818,2101.61328125,,pass,inertia=6.27376e+07; rel_delta=0,long_safe,kmeans_cpu__d-64__estimated_host_gib-1.378__implementation-numba__k-5__max_iter-20__n-1000000__profile-long_safe__repeat-3__run_id-long_safe_20260503_190133__seed-2__separation-1.0__threads-16,,1.378,,16,,,,20,1.0
long_safe_20260503_190133,2026-05-03T19:59:05+0800,linux_server_cpu,BI103202,kmeans,numba,cpu,linux_server_cpu,1000000,,64,5,,,0,12.388662165030837,11.366410176735371,0.08397777797654271,2110.046875,,pass,inertia=6.33814e+07; rel_delta=0,long_safe,kmeans_cpu__d-64__estimated_host_gib-1.378__implementation-numba__k-5__max_iter-20__n-1000000__profile-long_safe__repeat-3__run_id-long_safe_20260503_190133__seed-0__separation-2.0__threads-16,,1.378,,16,,,,20,2.0
long_safe_20260503_190133,2026-05-03T19:59:03+0800,linux_server_cpu,BI103202,kmeans,numpy_matmul,cpu,linux_server_cpu,1000000,,64,5,,,1,9.09332597721368,9.849586258176714,0.2161512728780508,2010.95703125,,pass,inertia=6.33656e+07; rel_delta=0,long_safe,kmeans_cpu__d-64__estimated_host_gib-1.378__implementation-numpy_matmul__k-5__max_iter-20__n-1000000__profile-long_safe__repeat-3__run_id-long_safe_20260503_190133__seed-1__separation-2.0__threads-16,,1.378,,16,,,,20,2.0
long_safe_20260503_190133,2026-05-03T19:59:25+0800,linux_server_cpu,BI103202,kmeans,numpy_matmul,cpu,linux_server_cpu,1000000,,64,5,,,0,22.583558951038867,15.537129049189389,1.1627594709862024,2040.44140625,,pass,inertia=6.33814e+07; rel_delta=0,long_safe,kmeans_cpu__d-64__estimated_host_gib-1.378__implementation-numpy_matmul__k-5__max_iter-20__n-1000000__profile-long_safe__repeat-3__run_id-long_safe_20260503_190133__seed-0__separation-2.0__threads-16,,1.378,,16,,,,20,2.0
long_safe_20260503_190133,2026-05-03T19:59:53+0800,linux_server_cpu,BI103202,kmeans,numba,cpu,linux_server_cpu,1000000,,64,5,,,1,19.209859911818057,15.355640017427504,2.066465917509049,2080.375,,pass,inertia=6.33656e+07; rel_delta=0,long_safe,kmeans_cpu__d-64__estimated_host_gib-1.378__implementation-numba__k-5__max_iter-20__n-1000000__profile-long_safe__repeat-3__run_id-long_safe_20260503_190133__seed-1__separation-2.0__threads-16,,1.378,,16,,,,20,2.0
long_safe_20260503_190133,2026-05-03T19:59:57+0800,linux_server_cpu,BI103202,kmeans,numba,cpu,linux_server_cpu,1000000,,64,5,,,2,12.77422702498734,13.730697211343795,4.288582844659686,2100.58984375,,pass,inertia=6.33774e+07; rel_delta=0,long_safe,kmeans_cpu__d-64__estimated_host_gib-1.378__implementation-numba__k-5__max_iter-20__n-1000000__profile-long_safe__repeat-3__run_id-long_safe_20260503_190133__seed-2__separation-2.0__threads-16,,1.378,,16,,,,20,2.0
long_safe_20260503_190133,2026-05-03T20:00:06+0800,linux_server_cpu,BI103202,kmeans,numba,cpu,linux_server_cpu,1000000,,64,20,,,0,19.536533392965794,9.276323020923883,0.08980468800291419,2189.2421875,,pass,inertia=6.11831e+07; rel_delta=0,long_safe,kmeans_cpu__d-64__estimated_host_gib-1.937__implementation-numba__k-20__max_iter-20__n-1000000__profile-long_safe__repeat-3__run_id-long_safe_20260503_190133__seed-0__separation-1.0__threads-16,,1.937,,16,,,,20,1.0
long_safe_20260503_190133,2026-05-03T20:00:27+0800,linux_server_cpu,BI103202,kmeans,numpy_matmul,cpu,linux_server_cpu,1000000,,64,5,,,2,23.525790962856263,22.65390881896019,1.7456074457149953,2031.109375,,pass,inertia=6.33774e+07; rel_delta=0,long_safe,kmeans_cpu__d-64__estimated_host_gib-1.378__implementation-numpy_matmul__k-5__max_iter-20__n-1000000__profile-long_safe__repeat-3__run_id-long_safe_20260503_190133__seed-2__separation-2.0__threads-16,,1.378,,16,,,,20,2.0
long_safe_20260503_190133,2026-05-03T20:00:52+0800,linux_server_cpu,BI103202,kmeans,numpy_matmul,cpu,linux_server_cpu,1000000,,64,20,,,0,28.988416489679366,26.925764074083418,5.198316018329933,2156.2734375,,pass,inertia=6.11831e+07; rel_delta=0,long_safe,kmeans_cpu__d-64__estimated_host_gib-1.937__implementation-numpy_matmul__k-20__max_iter-20__n-1000000__profile-long_safe__repeat-3__run_id-long_safe_20260503_190133__seed-0__separation-1.0__threads-16,,1.937,,16,,,,20,1.0
long_safe_20260503_190133,2026-05-03T20:01:06+0800,linux_server_cpu,BI103202,kmeans,numpy_matmul,cpu,linux_server_cpu,1000000,,64,20,,,2,15.57910485798493,20.714360985904932,5.361659024376422,2153.3125,,pass,inertia=6.11066e+07; rel_delta=0,long_safe,kmeans_cpu__d-64__estimated_host_gib-1.937__implementation-numpy_matmul__k-20__max_iter-20__n-1000000__profile-long_safe__repeat-3__run_id-long_safe_20260503_190133__seed-2__separation-1.0__threads-16,,1.937,,16,,,,20,1.0
long_safe_20260503_190133,2026-05-03T20:01:10+0800,linux_server_cpu,BI103202,kmeans,numba,cpu,linux_server_cpu,1000000,,64,20,,,1,23.99370919307694,22.50552071304992,0.7428382879588753,2188.19921875,,pass,inertia=6.11734e+07; rel_delta=0,long_safe,kmeans_cpu__d-64__estimated_host_gib-1.937__implementation-numba__k-20__max_iter-20__n-1000000__profile-long_safe__repeat-3__run_id-long_safe_20260503_190133__seed-1__separation-1.0__threads-16,,1.937,,16,,,,20,1.0
long_safe_20260503_190133,2026-05-03T20:01:22+0800,linux_server_cpu,BI103202,kmeans,numpy_matmul,cpu,linux_server_cpu,1000000,,64,20,,,0,15.668288080953062,16.07008994789794,0.4432231553364545,2156.73828125,,pass,inertia=6.2524e+07; rel_delta=0,long_safe,kmeans_cpu__d-64__estimated_host_gib-1.937__implementation-numpy_matmul__k-20__max_iter-20__n-1000000__profile-long_safe__repeat-3__run_id-long_safe_20260503_190133__seed-0__separation-2.0__threads-16,,1.937,,16,,,,20,2.0
long_safe_20260503_190133,2026-05-03T20:01:31+0800,linux_server_cpu,BI103202,kmeans,numpy_matmul,cpu,linux_server_cpu,1000000,,64,20,,,1,24.339374544098973,29.19196072872728,2.729364925995469,2154.4453125,,pass,inertia=6.11734e+07; rel_delta=0,long_safe,kmeans_cpu__d-64__estimated_host_gib-1.937__implementation-numpy_matmul__k-20__max_iter-20__n-1000000__profile-long_safe__repeat-3__run_id-long_safe_20260503_190133__seed-1__separation-1.0__threads-16,,1.937,,16,,,,20,1.0
long_safe_20260503_190133,2026-05-03T20:01:34+0800,linux_server_cpu,BI103202,kmeans,numba,cpu,linux_server_cpu,1000000,,64,20,,,0,18.809197681955993,14.116161831188947,0.2699397918768227,2192.85546875,,pass,inertia=6.2524e+07; rel_delta=0,long_safe,kmeans_cpu__d-64__estimated_host_gib-1.937__implementation-numba__k-20__max_iter-20__n-1000000__profile-long_safe__repeat-3__run_id-long_safe_20260503_190133__seed-0__separation-2.0__threads-16,,1.937,,16,,,,20,2.0
long_safe_20260503_190133,2026-05-03T20:01:48+0800,linux_server_cpu,BI103202,kmeans,numba,cpu,linux_server_cpu,1000000,,64,20,,,2,23.393690857104957,23.17197157489136,1.4604079129640013,2187.83203125,,pass,inertia=6.11066e+07; rel_delta=0,long_safe,kmeans_cpu__d-64__estimated_host_gib-1.937__implementation-numba__k-20__max_iter-20__n-1000000__profile-long_safe__repeat-3__run_id-long_safe_20260503_190133__seed-2__separation-1.0__threads-16,,1.937,,16,,,,20,1.0
long_safe_20260503_190133,2026-05-03T20:02:46+0800,linux_server_cpu,BI103202,kmeans,numpy_matmul,cpu,linux_server_cpu,1000000,,64,20,,,1,27.484597493894398,25.49719783430919,1.1016500981058925,2155.41796875,,pass,inertia=6.24961e+07; rel_delta=0,long_safe,kmeans_cpu__d-64__estimated_host_gib-1.937__implementation-numpy_matmul__k-20__max_iter-20__n-1000000__profile-long_safe__repeat-3__run_id-long_safe_20260503_190133__seed-1__separation-2.0__threads-16,,1.937,,16,,,,20,2.0
long_safe_20260503_190133,2026-05-03T20:02:48+0800,linux_server_cpu,BI103202,kmeans,numba,cpu,linux_server_cpu,1000000,,64,20,,,2,16.488620459567755,20.624677203129977,4.549640286713839,2191.66015625,,pass,inertia=6.25746e+07; rel_delta=0,long_safe,kmeans_cpu__d-64__estimated_host_gib-1.937__implementation-numba__k-20__max_iter-20__n-1000000__profile-long_safe__repeat-3__run_id-long_safe_20260503_190133__seed-2__separation-2.0__threads-16,,1.937,,16,,,,20,2.0
long_safe_20260503_190133,2026-05-03T20:02:53+0800,linux_server_cpu,BI103202,kmeans,numba,cpu,linux_server_cpu,1000000,,64,20,,,1,24.807113784831017,22.57591080572456,1.7203286725562066,2189.703125,,pass,inertia=6.24961e+07; rel_delta=0,long_safe,kmeans_cpu__d-64__estimated_host_gib-1.937__implementation-numba__k-20__max_iter-20__n-1000000__profile-long_safe__repeat-3__run_id-long_safe_20260503_190133__seed-1__separation-2.0__threads-16,,1.937,,16,,,,20,2.0
long_safe_20260503_190133,2026-05-03T20:02:55+0800,linux_server_cpu,BI103202,kmeans,numba,cpu,linux_server_cpu,1000000,,64,50,,,0,15.764336121734232,14.458807409740984,0.7348843631334603,2408.25390625,,pass,inertia=5.96952e+07; rel_delta=0,long_safe,kmeans_cpu__d-64__estimated_host_gib-3.055__implementation-numba__k-50__max_iter-20__n-1000000__profile-long_safe__repeat-3__run_id-long_safe_20260503_190133__seed-0__separation-1.0__threads-16,,3.055,,16,,,,20,1.0
long_safe_20260503_190133,2026-05-03T20:02:56+0800,linux_server_cpu,BI103202,kmeans,numpy_matmul,cpu,linux_server_cpu,1000000,,64,50,,,1,14.987499224953353,15.150789889972657,0.27923943917267025,2384.76171875,,pass,inertia=5.97003e+07; rel_delta=0,long_safe,kmeans_cpu__d-64__estimated_host_gib-3.055__implementation-numpy_matmul__k-50__max_iter-20__n-1000000__profile-long_safe__repeat-3__run_id-long_safe_20260503_190133__seed-1__separation-1.0__threads-16,,3.055,,16,,,,20,1.0
long_safe_20260503_190133,2026-05-03T20:03:18+0800,linux_server_cpu,BI103202,kmeans,numba,cpu,linux_server_cpu,1000000,,64,50,,,1,16.1286619505845,15.908274504821748,0.28965567029081285,2407.41015625,,pass,inertia=5.97003e+07; rel_delta=0,long_safe,kmeans_cpu__d-64__estimated_host_gib-3.055__implementation-numba__k-50__max_iter-20__n-1000000__profile-long_safe__repeat-3__run_id-long_safe_20260503_190133__seed-1__separation-1.0__threads-16,,3.055,,16,,,,20,1.0
long_safe_20260503_190133,2026-05-03T20:03:43+0800,linux_server_cpu,BI103202,kmeans,numpy_matmul,cpu,linux_server_cpu,1000000,,64,20,,,2,29.357711943332106,30.885566325858235,2.2747355881147087,2154.7265625,,pass,inertia=6.25746e+07; rel_delta=0,long_safe,kmeans_cpu__d-64__estimated_host_gib-1.937__implementation-numpy_matmul__k-20__max_iter-20__n-1000000__profile-long_safe__repeat-3__run_id-long_safe_20260503_190133__seed-2__separation-2.0__threads-16,,1.937,,16,,,,20,2.0
long_safe_20260503_190133,2026-05-03T20:04:02+0800,linux_server_cpu,BI103202,kmeans,numpy_matmul,cpu,linux_server_cpu,1000000,,64,50,,,0,29.258160517085344,30.548554707318544,0.6737900788430125,2383.7578125,,pass,inertia=5.96952e+07; rel_delta=0,long_safe,kmeans_cpu__d-64__estimated_host_gib-3.055__implementation-numpy_matmul__k-50__max_iter-20__n-1000000__profile-long_safe__repeat-3__run_id-long_safe_20260503_190133__seed-0__separation-1.0__threads-16,,3.055,,16,,,,20,1.0
long_safe_20260503_190133,2026-05-03T20:04:16+0800,linux_server_cpu,BI103202,kmeans,numba,cpu,linux_server_cpu,1000000,,64,50,,,2,16.098342644050717,15.29383360221982,0.1935469890013337,2413.4453125,,pass,inertia=5.9653e+07; rel_delta=0,long_safe,kmeans_cpu__d-64__estimated_host_gib-3.055__implementation-numba__k-50__max_iter-20__n-1000000__profile-long_safe__repeat-3__run_id-long_safe_20260503_190133__seed-2__separation-1.0__threads-16,,3.055,,16,,,,20,1.0
long_safe_20260503_190133,2026-05-03T20:04:26+0800,linux_server_cpu,BI103202,kmeans,numba,cpu,linux_server_cpu,1000000,,64,50,,,1,12.801375722046942,10.736514944117516,0.39750853599980474,2412.7734375,,pass,inertia=6.17365e+07; rel_delta=0,long_safe,kmeans_cpu__d-64__estimated_host_gib-3.055__implementation-numba__k-50__max_iter-20__n-1000000__profile-long_safe__repeat-3__run_id-long_safe_20260503_190133__seed-1__separation-2.0__threads-16,,3.055,,16,,,,20,2.0
long_safe_20260503_190133,2026-05-03T20:05:14+0800,linux_server_cpu,BI103202,kmeans,numpy_matmul,cpu,linux_server_cpu,1000000,,64,50,,,0,31.909610848408192,24.09655344998464,5.113845544168726,2378.3359375,,pass,inertia=6.18429e+07; rel_delta=0,long_safe,kmeans_cpu__d-64__estimated_host_gib-3.055__implementation-numpy_matmul__k-50__max_iter-20__n-1000000__profile-long_safe__repeat-3__run_id-long_safe_20260503_190133__seed-0__separation-2.0__threads-16,,3.055,,16,,,,20,2.0
long_safe_20260503_190133,2026-05-03T20:05:41+0800,linux_server_cpu,BI103202,kmeans,numba,cpu,linux_server_cpu,1000000,,64,50,,,0,29.941093302797526,28.77208007313311,2.365495912497863,2408.171875,,pass,inertia=6.18429e+07; rel_delta=0,long_safe,kmeans_cpu__d-64__estimated_host_gib-3.055__implementation-numba__k-50__max_iter-20__n-1000000__profile-long_safe__repeat-3__run_id-long_safe_20260503_190133__seed-0__separation-2.0__threads-16,,3.055,,16,,,,20,2.0
long_safe_20260503_190133,2026-05-03T20:05:47+0800,linux_server_cpu,BI103202,kmeans,numpy_matmul,cpu,linux_server_cpu,1000000,,64,50,,,2,33.92467748327181,33.78115999978036,4.4130216566845775,2385.640625,,pass,inertia=5.9653e+07; rel_delta=0,long_safe,kmeans_cpu__d-64__estimated_host_gib-3.055__implementation-numpy_matmul__k-50__max_iter-20__n-1000000__profile-long_safe__repeat-3__run_id-long_safe_20260503_190133__seed-2__separation-1.0__threads-16,,3.055,,16,,,,20,1.0
long_safe_20260503_190133,2026-05-03T20:05:50+0800,linux_server_cpu,BI103202,kmeans,numpy_matmul,cpu,linux_server_cpu,1000000,,64,50,,,1,38.97622318379581,35.84733582707122,6.418437070446089,2386.4453125,,pass,inertia=6.17365e+07; rel_delta=0,long_safe,kmeans_cpu__d-64__estimated_host_gib-3.055__implementation-numpy_matmul__k-50__max_iter-20__n-1000000__profile-long_safe__repeat-3__run_id-long_safe_20260503_190133__seed-1__separation-2.0__threads-16,,3.055,,16,,,,20,2.0
long_safe_20260503_190133,2026-05-03T20:06:13+0800,linux_server_cpu,BI103202,kmeans,numba,cpu,linux_server_cpu,1000000,,64,50,,,2,25.65749556804076,24.9415074409917,2.715090518584475,2413.453125,,pass,inertia=6.17171e+07; rel_delta=0,long_safe,kmeans_cpu__d-64__estimated_host_gib-3.055__implementation-numba__k-50__max_iter-20__n-1000000__profile-long_safe__repeat-3__run_id-long_safe_20260503_190133__seed-2__separation-2.0__threads-16,,3.055,,16,,,,20,2.0
long_safe_20260503_190133,2026-05-03T20:06:35+0800,linux_server_cpu,BI103202,kmeans,numpy_matmul,cpu,linux_server_cpu,1000000,,64,50,,,2,31.33475410984829,28.524818802718073,3.4155990325380117,2378.99609375,,pass,inertia=6.17171e+07; rel_delta=0,long_safe,kmeans_cpu__d-64__estimated_host_gib-3.055__implementation-numpy_matmul__k-50__max_iter-20__n-1000000__profile-long_safe__repeat-3__run_id-long_safe_20260503_190133__seed-2__separation-2.0__threads-16,,3.055,,16,,,,20,2.0
long_safe_20260503_190133,2026-05-03T20:06:52+0800,linux_server_cpu,BI103202,kmeans,numpy_matmul,cpu,linux_server_cpu,1000000,,256,5,,,0,27.68401301605627,28.15142432274297,0.4558000462129712,7412.49609375,,pass,inertia=2.54751e+08; rel_delta=0,long_safe,kmeans_cpu__d-256__estimated_host_gib-4.955__implementation-numpy_matmul__k-5__max_iter-20__n-1000000__profile-long_safe__repeat-3__run_id-long_safe_20260503_190133__seed-0__separation-1.0__threads-16,,4.955,,16,,,,20,1.0
long_safe_20260503_190133,2026-05-03T20:06:52+0800,linux_server_cpu,BI103202,kmeans,numba,cpu,linux_server_cpu,1000000,,256,5,,,0,26.8707224316895,26.073820741381496,0.6266009614337236,7486.91796875,,pass,inertia=2.54751e+08; rel_delta=0,long_safe,kmeans_cpu__d-256__estimated_host_gib-4.955__implementation-numba__k-5__max_iter-20__n-1000000__profile-long_safe__repeat-3__run_id-long_safe_20260503_190133__seed-0__separation-1.0__threads-16,,4.955,,16,,,,20,1.0
long_safe_20260503_190133,2026-05-03T20:08:44+0800,linux_server_cpu,BI103202,kmeans,numpy_matmul,cpu,linux_server_cpu,1000000,,256,5,,,1,35.65559871913865,36.28323215292767,4.782749359495938,7412.19921875,,pass,inertia=2.54874e+08; rel_delta=0,long_safe,kmeans_cpu__d-256__estimated_host_gib-4.955__implementation-numpy_matmul__k-5__max_iter-20__n-1000000__profile-long_safe__repeat-3__run_id-long_safe_20260503_190133__seed-1__separation-1.0__threads-16,,4.955,,16,,,,20,1.0
long_safe_20260503_190133,2026-05-03T20:08:56+0800,linux_server_cpu,BI103202,kmeans,numba,cpu,linux_server_cpu,1000000,,256,5,,,2,34.648375438991934,33.31654700404033,1.4892137118149549,7487.5703125,,pass,inertia=2.54801e+08; rel_delta=0,long_safe,kmeans_cpu__d-256__estimated_host_gib-4.955__implementation-numba__k-5__max_iter-20__n-1000000__profile-long_safe__repeat-3__run_id-long_safe_20260503_190133__seed-2__separation-1.0__threads-16,,4.955,,16,,,,20,1.0
long_safe_20260503_190133,2026-05-03T20:09:04+0800,linux_server_cpu,BI103202,kmeans,numba,cpu,linux_server_cpu,1000000,,256,5,,,1,37.40787763008848,33.95634533278644,0.8020461553242058,7487.4765625,,pass,inertia=2.54874e+08; rel_delta=0,long_safe,kmeans_cpu__d-256__estimated_host_gib-4.955__implementation-numba__k-5__max_iter-20__n-1000000__profile-long_safe__repeat-3__run_id-long_safe_20260503_190133__seed-1__separation-1.0__threads-16,,4.955,,16,,,,20,1.0
long_safe_20260503_190133,2026-05-03T20:10:00+0800,linux_server_cpu,BI103202,kmeans,numpy_matmul,cpu,linux_server_cpu,1000000,,256,5,,,2,39.55029871920124,51.45032949373126,4.762482716469094,7412.33984375,,pass,inertia=2.54801e+08; rel_delta=0,long_safe,kmeans_cpu__d-256__estimated_host_gib-4.955__implementation-numpy_matmul__k-5__max_iter-20__n-1000000__profile-long_safe__repeat-3__run_id-long_safe_20260503_190133__seed-2__separation-1.0__threads-16,,4.955,,16,,,,20,1.0
long_safe_20260503_190133,2026-05-03T20:10:45+0800,linux_server_cpu,BI103202,kmeans,numba,cpu,linux_server_cpu,1000000,,256,5,,,0,55.869586049579084,42.604327466804534,5.80640603764914,7487.19140625,,pass,inertia=2.55434e+08; rel_delta=0,long_safe,kmeans_cpu__d-256__estimated_host_gib-4.955__implementation-numba__k-5__max_iter-20__n-1000000__profile-long_safe__repeat-3__run_id-long_safe_20260503_190133__seed-0__separation-2.0__threads-16,,4.955,,16,,,,20,2.0
long_safe_20260503_190133,2026-05-03T20:11:05+0800,linux_server_cpu,BI103202,kmeans,numba,cpu,linux_server_cpu,1000000,,256,5,,,1,45.47824807697907,47.50804181303829,6.172618868295103,7486.07421875,,pass,inertia=2.55387e+08; rel_delta=0,long_safe,kmeans_cpu__d-256__estimated_host_gib-4.955__implementation-numba__k-5__max_iter-20__n-1000000__profile-long_safe__repeat-3__run_id-long_safe_20260503_190133__seed-1__separation-2.0__threads-16,,4.955,,16,,,,20,2.0
long_safe_20260503_190133,2026-05-03T20:11:15+0800,linux_server_cpu,BI103202,kmeans,numpy_matmul,cpu,linux_server_cpu,1000000,,256,5,,,0,58.97877329913899,52.94625808671117,5.361958345863968,7412.609375,,pass,inertia=2.55434e+08; rel_delta=0,long_safe,kmeans_cpu__d-256__estimated_host_gib-4.955__implementation-numpy_matmul__k-5__max_iter-20__n-1000000__profile-long_safe__repeat-3__run_id-long_safe_20260503_190133__seed-0__separation-2.0__threads-16,,4.955,,16,,,,20,2.0
long_safe_20260503_190133,2026-05-03T20:11:45+0800,linux_server_cpu,BI103202,kmeans,numpy_matmul,cpu,linux_server_cpu,1000000,,256,5,,,1,57.76000128686428,58.19920044671744,1.383122028550133,7411.12890625,,pass,inertia=2.55387e+08; rel_delta=0,long_safe,kmeans_cpu__d-256__estimated_host_gib-4.955__implementation-numpy_matmul__k-5__max_iter-20__n-1000000__profile-long_safe__repeat-3__run_id-long_safe_20260503_190133__seed-1__separation-2.0__threads-16,,4.955,,16,,,,20,2.0
long_safe_20260503_190133,2026-05-03T20:12:42+0800,linux_server_cpu,BI103202,kmeans,numba,cpu,linux_server_cpu,1000000,,256,5,,,2,54.324409483000636,36.08403581287712,3.6326953498646617,7487.08984375,,pass,inertia=2.55316e+08; rel_delta=0,long_safe,kmeans_cpu__d-256__estimated_host_gib-4.955__implementation-numba__k-5__max_iter-20__n-1000000__profile-long_safe__repeat-3__run_id-long_safe_20260503_190133__seed-2__separation-2.0__threads-16,,4.955,,16,,,,20,2.0
long_safe_20260503_190133,2026-05-03T20:13:20+0800,linux_server_cpu,BI103202,kmeans,numpy_matmul,cpu,linux_server_cpu,1000000,,256,5,,,2,54.70130025735125,52.11924839112908,3.368706573965028,7411.92578125,,pass,inertia=2.55316e+08; rel_delta=0,long_safe,kmeans_cpu__d-256__estimated_host_gib-4.955__implementation-numpy_matmul__k-5__max_iter-20__n-1000000__profile-long_safe__repeat-3__run_id-long_safe_20260503_190133__seed-2__separation-2.0__threads-16,,4.955,,16,,,,20,2.0
long_safe_20260503_190133,2026-05-03T20:14:55+0800,linux_server_cpu,BI103202,kmeans,numpy_matmul,cpu,linux_server_cpu,1000000,,256,20,,,0,67.12354027293622,72.00056165037677,7.284685495309532,7557.52734375,,pass,inertia=2.53156e+08; rel_delta=0,long_safe,kmeans_cpu__d-256__estimated_host_gib-5.514__implementation-numpy_matmul__k-20__max_iter-20__n-1000000__profile-long_safe__repeat-3__run_id-long_safe_20260503_190133__seed-0__separation-1.0__threads-16,,5.514,,16,,,,20,1.0
long_safe_20260503_190133,2026-05-03T20:15:13+0800,linux_server_cpu,BI103202,kmeans,numpy_matmul,cpu,linux_server_cpu,1000000,,256,20,,,1,57.473520138300955,40.472825901117176,6.422993692802265,7551.4765625,,pass,inertia=2.53153e+08; rel_delta=0,long_safe,kmeans_cpu__d-256__estimated_host_gib-5.514__implementation-numpy_matmul__k-20__max_iter-20__n-1000000__profile-long_safe__repeat-3__run_id-long_safe_20260503_190133__seed-1__separation-1.0__threads-16,,5.514,,16,,,,20,1.0
long_safe_20260503_190133,2026-05-03T20:15:17+0800,linux_server_cpu,BI103202,kmeans,numba,cpu,linux_server_cpu,1000000,,256,20,,,2,39.67927015433088,42.22070928895846,1.6382950795814395,7588.171875,,pass,inertia=2.53079e+08; rel_delta=0,long_safe,kmeans_cpu__d-256__estimated_host_gib-5.514__implementation-numba__k-20__max_iter-20__n-1000000__profile-long_safe__repeat-3__run_id-long_safe_20260503_190133__seed-2__separation-1.0__threads-16,,5.514,,16,,,,20,1.0
long_safe_20260503_190133,2026-05-03T20:15:57+0800,linux_server_cpu,BI103202,kmeans,numba,cpu,linux_server_cpu,1000000,,256,20,,,0,30.551579352933913,27.138767084106803,0.4579946214798838,7576.05859375,,pass,inertia=2.54633e+08; rel_delta=0,long_safe,kmeans_cpu__d-256__estimated_host_gib-5.514__implementation-numba__k-20__max_iter-20__n-1000000__profile-long_safe__repeat-3__run_id-long_safe_20260503_190133__seed-0__separation-2.0__threads-16,,5.514,,16,,,,20,2.0
long_safe_20260503_190133,2026-05-03T20:16:22+0800,linux_server_cpu,BI103202,kmeans,numba,cpu,linux_server_cpu,1000000,,256,20,,,0,77.75357602071017,65.87234751787037,9.672034606104717,7585.38671875,,pass,inertia=2.53156e+08; rel_delta=0,long_safe,kmeans_cpu__d-256__estimated_host_gib-5.514__implementation-numba__k-20__max_iter-20__n-1000000__profile-long_safe__repeat-3__run_id-long_safe_20260503_190133__seed-0__separation-1.0__threads-16,,5.514,,16,,,,20,1.0
long_safe_20260503_190133,2026-05-03T20:16:43+0800,linux_server_cpu,BI103202,kmeans,numba,cpu,linux_server_cpu,1000000,,256,20,,,1,71.4936001622118,61.8779640677385,2.2958281715400517,7573.5234375,,pass,inertia=2.53153e+08; rel_delta=0,long_safe,kmeans_cpu__d-256__estimated_host_gib-5.514__implementation-numba__k-20__max_iter-20__n-1000000__profile-long_safe__repeat-3__run_id-long_safe_20260503_190133__seed-1__separation-1.0__threads-16,,5.514,,16,,,,20,1.0
long_safe_20260503_190133,2026-05-03T20:16:49+0800,linux_server_cpu,BI103202,kmeans,numpy_matmul,cpu,linux_server_cpu,1000000,,256,20,,,0,43.46326345205307,43.78464476112276,1.1512939385138452,7555.4921875,,pass,inertia=2.54633e+08; rel_delta=0,long_safe,kmeans_cpu__d-256__estimated_host_gib-5.514__implementation-numpy_matmul__k-20__max_iter-20__n-1000000__profile-long_safe__repeat-3__run_id-long_safe_20260503_190133__seed-0__separation-2.0__threads-16,,5.514,,16,,,,20,2.0
long_safe_20260503_190133,2026-05-03T20:17:10+0800,linux_server_cpu,BI103202,kmeans,numpy_matmul,cpu,linux_server_cpu,1000000,,256,20,,,2,84.25771901104599,58.406078016385436,10.49122130102478,7556.359375,,pass,inertia=2.53079e+08; rel_delta=0,long_safe,kmeans_cpu__d-256__estimated_host_gib-5.514__implementation-numpy_matmul__k-20__max_iter-20__n-1000000__profile-long_safe__repeat-3__run_id-long_safe_20260503_190133__seed-2__separation-1.0__threads-16,,5.514,,16,,,,20,1.0
long_safe_20260503_190133,2026-05-03T20:19:25+0800,linux_server_cpu,BI103202,kmeans,numpy_matmul,cpu,linux_server_cpu,1000000,,256,50,,,0,36.24163797684014,33.46990063600242,1.5870726793073118,7787.7890625,,pass,inertia=2.51604e+08; rel_delta=0,long_safe,kmeans_cpu__d-256__estimated_host_gib-6.631__implementation-numpy_matmul__k-50__max_iter-20__n-1000000__profile-long_safe__repeat-3__run_id-long_safe_20260503_190133__seed-0__separation-1.0__threads-16,,6.631,,16,,,,20,1.0
long_safe_20260503_190133,2026-05-03T20:20:51+0800,linux_server_cpu,BI103202,kmeans,numpy_matmul,cpu,linux_server_cpu,1000000,,256,20,,,1,54.45152034284547,78.95455116406083,17.03523368551396,7549.93359375,,pass,inertia=2.54602e+08; rel_delta=0,long_safe,kmeans_cpu__d-256__estimated_host_gib-5.514__implementation-numpy_matmul__k-20__max_iter-20__n-1000000__profile-long_safe__repeat-3__run_id-long_safe_20260503_190133__seed-1__separation-2.0__threads-16,,5.514,,16,,,,20,2.0
long_safe_20260503_190133,2026-05-03T20:21:06+0800,linux_server_cpu,BI103202,kmeans,numpy_matmul,cpu,linux_server_cpu,1000000,,256,20,,,2,68.84354984201491,64.82663766900077,5.141530164051801,7557.12890625,,pass,inertia=2.54375e+08; rel_delta=0,long_safe,kmeans_cpu__d-256__estimated_host_gib-5.514__implementation-numpy_matmul__k-20__max_iter-20__n-1000000__profile-long_safe__repeat-3__run_id-long_safe_20260503_190133__seed-2__separation-2.0__threads-16,,5.514,,16,,,,20,2.0
long_safe_20260503_190133,2026-05-03T20:21:16+0800,linux_server_cpu,BI103202,kmeans,numba,cpu,linux_server_cpu,1000000,,256,20,,,1,66.25589721184224,78.81458633299917,1.8290076591074467,7575.171875,,pass,inertia=2.54602e+08; rel_delta=0,long_safe,kmeans_cpu__d-256__estimated_host_gib-5.514__implementation-numba__k-20__max_iter-20__n-1000000__profile-long_safe__repeat-3__run_id-long_safe_20260503_190133__seed-1__separation-2.0__threads-16,,5.514,,16,,,,20,2.0
long_safe_20260503_190133,2026-05-03T20:21:50+0800,linux_server_cpu,BI103202,kmeans,numba,cpu,linux_server_cpu,1000000,,256,20,,,2,86.12948901671916,65.72959586186334,16.621484654024243,7588.01953125,,pass,inertia=2.54375e+08; rel_delta=0,long_safe,kmeans_cpu__d-256__estimated_host_gib-5.514__implementation-numba__k-20__max_iter-20__n-1000000__profile-long_safe__repeat-3__run_id-long_safe_20260503_190133__seed-2__separation-2.0__threads-16,,5.514,,16,,,,20,2.0
long_safe_20260503_190133,2026-05-03T20:22:24+0800,linux_server_cpu,BI103202,kmeans,numpy_matmul,cpu,linux_server_cpu,1000000,,256,50,,,1,70.34221831010655,62.15389199089259,6.750531972385943,7787.9140625,,pass,inertia=2.51594e+08; rel_delta=0,long_safe,kmeans_cpu__d-256__estimated_host_gib-6.631__implementation-numpy_matmul__k-50__max_iter-20__n-1000000__profile-long_safe__repeat-3__run_id-long_safe_20260503_190133__seed-1__separation-1.0__threads-16,,6.631,,16,,,,20,1.0
long_safe_20260503_190133,2026-05-03T20:23:26+0800,linux_server_cpu,BI103202,kmeans,numba,cpu,linux_server_cpu,1000000,,256,50,,,0,78.51134411711246,82.32627011882141,2.19139038445428,7829.203125,,pass,inertia=2.51604e+08; rel_delta=0,long_safe,kmeans_cpu__d-256__estimated_host_gib-6.631__implementation-numba__k-50__max_iter-20__n-1000000__profile-long_safe__repeat-3__run_id-long_safe_20260503_190133__seed-0__separation-1.0__threads-16,,6.631,,16,,,,20,1.0
long_safe_20260503_190133,2026-05-03T20:23:53+0800,linux_server_cpu,BI103202,kmeans,numba,cpu,linux_server_cpu,1000000,,256,50,,,1,96.25071303499863,72.59061582060531,12.126071116887033,7828.6796875,,pass,inertia=2.51594e+08; rel_delta=0,long_safe,kmeans_cpu__d-256__estimated_host_gib-6.631__implementation-numba__k-50__max_iter-20__n-1000000__profile-long_safe__repeat-3__run_id-long_safe_20260503_190133__seed-1__separation-1.0__threads-16,,6.631,,16,,,,20,1.0
long_safe_20260503_190133,2026-05-03T20:23:56+0800,linux_server_cpu,BI103202,kmeans,numpy_matmul,cpu,linux_server_cpu,1000000,,256,50,,,0,31.498172922059894,31.134919629897922,1.3890079983975738,7787.80859375,,pass,inertia=2.54131e+08; rel_delta=0,long_safe,kmeans_cpu__d-256__estimated_host_gib-6.631__implementation-numpy_matmul__k-50__max_iter-20__n-1000000__profile-long_safe__repeat-3__run_id-long_safe_20260503_190133__seed-0__separation-2.0__threads-16,,6.631,,16,,,,20,2.0
long_safe_20260503_190133,2026-05-03T20:24:32+0800,linux_server_cpu,BI103202,kmeans,numba,cpu,linux_server_cpu,1000000,,256,50,,,0,39.43032678728923,38.098037807736546,0.9330420615151525,7829.9921875,,pass,inertia=2.54131e+08; rel_delta=0,long_safe,kmeans_cpu__d-256__estimated_host_gib-6.631__implementation-numba__k-50__max_iter-20__n-1000000__profile-long_safe__repeat-3__run_id-long_safe_20260503_190133__seed-0__separation-2.0__threads-16,,6.631,,16,,,,20,2.0
long_safe_20260503_190133,2026-05-03T20:24:50+0800,linux_server_cpu,BI103202,kmeans,numpy_matmul,cpu,linux_server_cpu,1000000,,256,50,,,1,35.936017201282084,31.51541360327974,0.789790331851691,7787.01171875,,pass,inertia=2.54138e+08; rel_delta=0,long_safe,kmeans_cpu__d-256__estimated_host_gib-6.631__implementation-numpy_matmul__k-50__max_iter-20__n-1000000__profile-long_safe__repeat-3__run_id-long_safe_20260503_190133__seed-1__separation-2.0__threads-16,,6.631,,16,,,,20,2.0
long_safe_20260503_190133,2026-05-03T20:25:27+0800,linux_server_cpu,BI103202,kmeans,numpy_matmul,cpu,linux_server_cpu,1000000,,256,50,,,2,91.16102077579126,55.65619454998523,9.51688794279471,7787.5625,,pass,inertia=2.51553e+08; rel_delta=0,long_safe,kmeans_cpu__d-256__estimated_host_gib-6.631__implementation-numpy_matmul__k-50__max_iter-20__n-1000000__profile-long_safe__repeat-3__run_id-long_safe_20260503_190133__seed-2__separation-1.0__threads-16,,6.631,,16,,,,20,1.0
long_safe_20260503_190133,2026-05-03T20:25:50+0800,linux_server_cpu,BI103202,kmeans,numpy_matmul,cpu,linux_server_cpu,3000000,,10,5,,,0,23.962982159107924,20.35503186797723,0.48892943374812603,1085.703125,,pass,inertia=2.6055e+07; rel_delta=0,long_safe,kmeans_cpu__d-10__estimated_host_gib-1.118__implementation-numpy_matmul__k-5__max_iter-20__n-3000000__profile-long_safe__repeat-3__run_id-long_safe_20260503_190133__seed-0__separation-1.0__threads-16,,1.118,,16,,,,20,1.0
long_safe_20260503_190133,2026-05-03T20:26:05+0800,linux_server_cpu,BI103202,kmeans,numpy_matmul,cpu,linux_server_cpu,3000000,,10,5,,,1,13.57676017889753,13.867986738216132,0.12111994810402393,1089.68359375,,pass,inertia=2.63039e+07; rel_delta=0,long_safe,kmeans_cpu__d-10__estimated_host_gib-1.118__implementation-numpy_matmul__k-5__max_iter-20__n-3000000__profile-long_safe__repeat-3__run_id-long_safe_20260503_190133__seed-1__separation-1.0__threads-16,,1.118,,16,,,,20,1.0
long_safe_20260503_190133,2026-05-03T20:26:13+0800,linux_server_cpu,BI103202,kmeans,numba,cpu,linux_server_cpu,3000000,,10,5,,,0,18.422470340970904,17.895865492057055,1.5720177288167179,1059.53515625,,pass,inertia=2.6055e+07; rel_delta=0,long_safe,kmeans_cpu__d-10__estimated_host_gib-1.118__implementation-numba__k-5__max_iter-20__n-3000000__profile-long_safe__repeat-3__run_id-long_safe_20260503_190133__seed-0__separation-1.0__threads-16,,1.118,,16,,,,20,1.0
long_safe_20260503_190133,2026-05-03T20:26:35+0800,linux_server_cpu,BI103202,kmeans,numba,cpu,linux_server_cpu,3000000,,10,5,,,1,11.768754601944238,12.471394008025527,0.5981083994265646,1060.94140625,,pass,inertia=2.63039e+07; rel_delta=0,long_safe,kmeans_cpu__d-10__estimated_host_gib-1.118__implementation-numba__k-5__max_iter-20__n-3000000__profile-long_safe__repeat-3__run_id-long_safe_20260503_190133__seed-1__separation-1.0__threads-16,,1.118,,16,,,,20,1.0
long_safe_20260503_190133,2026-05-03T20:27:21+0800,linux_server_cpu,BI103202,kmeans,numba,cpu,linux_server_cpu,3000000,,10,5,,,2,14.438049875199795,13.227011922281235,0.4246938149444759,1078.16015625,,pass,inertia=2.58634e+07; rel_delta=0,long_safe,kmeans_cpu__d-10__estimated_host_gib-1.118__implementation-numba__k-5__max_iter-20__n-3000000__profile-long_safe__repeat-3__run_id-long_safe_20260503_190133__seed-2__separation-1.0__threads-16,,1.118,,16,,,,20,1.0
long_safe_20260503_190133,2026-05-03T20:27:24+0800,linux_server_cpu,BI103202,kmeans,numba,cpu,linux_server_cpu,1000000,,256,50,,,2,82.16333226813003,71.40039825998247,8.350832312833518,7829.18359375,,pass,inertia=2.51553e+08; rel_delta=0,long_safe,kmeans_cpu__d-256__estimated_host_gib-6.631__implementation-numba__k-50__max_iter-20__n-1000000__profile-long_safe__repeat-3__run_id-long_safe_20260503_190133__seed-2__separation-1.0__threads-16,,6.631,,16,,,,20,1.0
long_safe_20260503_190133,2026-05-03T20:27:33+0800,linux_server_cpu,BI103202,kmeans,numpy_matmul,cpu,linux_server_cpu,3000000,,10,5,,,0,16.30128678586334,14.692772821057588,0.33416934683918953,1092.16796875,,pass,inertia=2.77779e+07; rel_delta=0,long_safe,kmeans_cpu__d-10__estimated_host_gib-1.118__implementation-numpy_matmul__k-5__max_iter-20__n-3000000__profile-long_safe__repeat-3__run_id-long_safe_20260503_190133__seed-0__separation-2.0__threads-16,,1.118,,16,,,,20,2.0
long_safe_20260503_190133,2026-05-03T20:27:59+0800,linux_server_cpu,BI103202,kmeans,numpy_matmul,cpu,linux_server_cpu,1000000,,256,50,,,2,56.99617559881881,56.920752624981105,6.10530731943436,7787.64453125,,pass,inertia=2.54119e+08; rel_delta=0,long_safe,kmeans_cpu__d-256__estimated_host_gib-6.631__implementation-numpy_matmul__k-50__max_iter-20__n-1000000__profile-long_safe__repeat-3__run_id-long_safe_20260503_190133__seed-2__separation-2.0__threads-16,,6.631,,16,,,,20,2.0
long_safe_20260503_190133,2026-05-03T20:27:57+0800,linux_server_cpu,BI103202,kmeans,numpy_matmul,cpu,linux_server_cpu,3000000,,10,5,,,2,21.660531000234187,23.03907050890848,7.573512491304427,1093.078125,,pass,inertia=2.58634e+07; rel_delta=0,long_safe,kmeans_cpu__d-10__estimated_host_gib-1.118__implementation-numpy_matmul__k-5__max_iter-20__n-3000000__profile-long_safe__repeat-3__run_id-long_safe_20260503_190133__seed-2__separation-1.0__threads-16,,1.118,,16,,,,20,1.0
long_safe_20260503_190133,2026-05-03T20:28:26+0800,linux_server_cpu,BI103202,kmeans,numba,cpu,linux_server_cpu,1000000,,256,50,,,1,73.22354424232617,67.83217037515715,8.452113310806453,7826.75,,pass,inertia=2.54138e+08; rel_delta=0,long_safe,kmeans_cpu__d-256__estimated_host_gib-6.631__implementation-numba__k-50__max_iter-20__n-1000000__profile-long_safe__repeat-3__run_id-long_safe_20260503_190133__seed-1__separation-2.0__threads-16,,6.631,,16,,,,20,2.0
long_safe_20260503_190133,2026-05-03T20:29:09+0800,linux_server_cpu,BI103202,kmeans,numba,cpu,linux_server_cpu,1000000,,256,50,,,2,62.327290758956224,65.27045528404415,7.804191930918023,7829.41015625,,pass,inertia=2.54119e+08; rel_delta=0,long_safe,kmeans_cpu__d-256__estimated_host_gib-6.631__implementation-numba__k-50__max_iter-20__n-1000000__profile-long_safe__repeat-3__run_id-long_safe_20260503_190133__seed-2__separation-2.0__threads-16,,6.631,,16,,,,20,2.0
long_safe_20260503_190133,2026-05-03T20:34:25+0800,linux_server_cpu,BI103202,kmeans,numba,cpu,linux_server_cpu,3000000,,10,5,,,1,11.868338880129158,10.462566066067666,0.3003119502682239,1062.04296875,,pass,inertia=2.82994e+07; rel_delta=0,long_safe,kmeans_cpu__d-10__estimated_host_gib-1.118__implementation-numba__k-5__max_iter-20__n-3000000__profile-long_safe__repeat-3__run_id-long_safe_20260503_190133__seed-1__separation-2.0__threads-16,,1.118,,16,,,,20,2.0
long_safe_20260503_190133,2026-05-03T20:34:30+0800,linux_server_cpu,BI103202,kmeans,numba,cpu,linux_server_cpu,3000000,,10,5,,,2,10.247027995064855,9.764067430049181,0.11660012952052057,1058.92578125,,pass,inertia=2.78028e+07; rel_delta=0,long_safe,kmeans_cpu__d-10__estimated_host_gib-1.118__implementation-numba__k-5__max_iter-20__n-3000000__profile-long_safe__repeat-3__run_id-long_safe_20260503_190133__seed-2__separation-2.0__threads-16,,1.118,,16,,,,20,2.0
long_safe_20260503_190133,2026-05-03T20:34:49+0800,linux_server_cpu,BI103202,kmeans,numba,cpu,linux_server_cpu,3000000,,10,5,,,0,20.738171632867306,16.348473908845335,1.7561872762162238,1076.80859375,,pass,inertia=2.77779e+07; rel_delta=0,long_safe,kmeans_cpu__d-10__estimated_host_gib-1.118__implementation-numba__k-5__max_iter-20__n-3000000__profile-long_safe__repeat-3__run_id-long_safe_20260503_190133__seed-0__separation-2.0__threads-16,,1.118,,16,,,,20,2.0
long_safe_20260503_190133,2026-05-03T20:34:55+0800,linux_server_cpu,BI103202,kmeans,numpy_matmul,cpu,linux_server_cpu,3000000,,10,5,,,1,17.434111475013196,20.75874956138432,0.5539794366341084,1088.46484375,,pass,inertia=2.82994e+07; rel_delta=0,long_safe,kmeans_cpu__d-10__estimated_host_gib-1.118__implementation-numpy_matmul__k-5__max_iter-20__n-3000000__profile-long_safe__repeat-3__run_id-long_safe_20260503_190133__seed-1__separation-2.0__threads-16,,1.118,,16,,,,20,2.0
long_safe_20260503_190133,2026-05-03T20:34:55+0800,linux_server_cpu,BI103202,kmeans,numpy_matmul,cpu,linux_server_cpu,3000000,,10,5,,,2,16.437195386737585,16.771437522023916,1.674342924496159,1087.1015625,,pass,inertia=2.78028e+07; rel_delta=0,long_safe,kmeans_cpu__d-10__estimated_host_gib-1.118__implementation-numpy_matmul__k-5__max_iter-20__n-3000000__profile-long_safe__repeat-3__run_id-long_safe_20260503_190133__seed-2__separation-2.0__threads-16,,1.118,,16,,,,20,2.0
long_safe_20260503_190133,2026-05-03T20:35:18+0800,linux_server_cpu,BI103202,kmeans,numba,cpu,linux_server_cpu,3000000,,10,20,,,0,13.991651439107955,13.903454219922423,0.6875293394550681,1893.1796875,,pass,inertia=2.12578e+07; rel_delta=0,long_safe,kmeans_cpu__d-10__estimated_host_gib-2.794__implementation-numba__k-20__max_iter-20__n-3000000__profile-long_safe__repeat-3__run_id-long_safe_20260503_190133__seed-0__separation-1.0__threads-16,,2.794,,16,,,,20,1.0
long_safe_20260503_190133,2026-05-03T20:35:28+0800,linux_server_cpu,BI103202,kmeans,numpy_matmul,cpu,linux_server_cpu,3000000,,10,20,,,1,18.992799491155893,17.495512544177473,0.4814047480467707,1894.5078125,,pass,inertia=2.15286e+07; rel_delta=0,long_safe,kmeans_cpu__d-10__estimated_host_gib-2.794__implementation-numpy_matmul__k-20__max_iter-20__n-3000000__profile-long_safe__repeat-3__run_id-long_safe_20260503_190133__seed-1__separation-1.0__threads-16,,2.794,,16,,,,20,1.0
long_safe_20260503_190133,2026-05-03T20:35:30+0800,linux_server_cpu,BI103202,kmeans,numba,cpu,linux_server_cpu,3000000,,10,20,,,1,11.551922935061157,10.371629641856998,0.09630981599912047,1871.43359375,,pass,inertia=2.15286e+07; rel_delta=0,long_safe,kmeans_cpu__d-10__estimated_host_gib-2.794__implementation-numba__k-20__max_iter-20__n-3000000__profile-long_safe__repeat-3__run_id-long_safe_20260503_190133__seed-1__separation-1.0__threads-16,,2.794,,16,,,,20,1.0
long_safe_20260503_190133,2026-05-03T20:35:36+0800,linux_server_cpu,BI103202,kmeans,numpy_matmul,cpu,linux_server_cpu,3000000,,10,20,,,0,21.309667233843356,22.711133292876184,1.2641733912751079,1888.6171875,,pass,inertia=2.12578e+07; rel_delta=0,long_safe,kmeans_cpu__d-10__estimated_host_gib-2.794__implementation-numpy_matmul__k-20__max_iter-20__n-3000000__profile-long_safe__repeat-3__run_id-long_safe_20260503_190133__seed-0__separation-1.0__threads-16,,2.794,,16,,,,20,1.0
long_safe_20260503_190133,2026-05-03T20:36:12+0800,linux_server_cpu,BI103202,kmeans,numpy_matmul,cpu,linux_server_cpu,3000000,,10,20,,,2,19.472432240843773,18.440476099960506,0.6782669625245035,1863.94140625,,pass,inertia=2.08249e+07; rel_delta=0,long_safe,kmeans_cpu__d-10__estimated_host_gib-2.794__implementation-numpy_matmul__k-20__max_iter-20__n-3000000__profile-long_safe__repeat-3__run_id-long_safe_20260503_190133__seed-2__separation-1.0__threads-16,,2.794,,16,,,,20,1.0
long_safe_20260503_190133,2026-05-03T20:36:47+0800,linux_server_cpu,BI103202,kmeans,numba,cpu,linux_server_cpu,3000000,,10,20,,,2,11.299914136063308,10.150023330003023,0.014442054321989417,1869.74609375,,pass,inertia=2.40367e+07; rel_delta=0,long_safe,kmeans_cpu__d-10__estimated_host_gib-2.794__implementation-numba__k-20__max_iter-20__n-3000000__profile-long_safe__repeat-3__run_id-long_safe_20260503_190133__seed-2__separation-2.0__threads-16,,2.794,,16,,,,20,2.0
long_safe_20260503_190133,2026-05-03T20:36:52+0800,linux_server_cpu,BI103202,kmeans,numpy_matmul,cpu,linux_server_cpu,3000000,,10,20,,,1,18.489967686124146,17.610586117953062,0.313272166531533,1892.81640625,,pass,inertia=2.54934e+07; rel_delta=0,long_safe,kmeans_cpu__d-10__estimated_host_gib-2.794__implementation-numpy_matmul__k-20__max_iter-20__n-3000000__profile-long_safe__repeat-3__run_id-long_safe_20260503_190133__seed-1__separation-2.0__threads-16,,2.794,,16,,,,20,2.0
long_safe_20260503_190133,2026-05-03T20:36:53+0800,linux_server_cpu,BI103202,kmeans,numba,cpu,linux_server_cpu,3000000,,10,20,,,0,15.195522560272366,21.241533025167882,1.8352421454619616,1869.50390625,,pass,inertia=2.47378e+07; rel_delta=0,long_safe,kmeans_cpu__d-10__estimated_host_gib-2.794__implementation-numba__k-20__max_iter-20__n-3000000__profile-long_safe__repeat-3__run_id-long_safe_20260503_190133__seed-0__separation-2.0__threads-16,,2.794,,16,,,,20,2.0
long_safe_20260503_190133,2026-05-03T20:37:04+0800,linux_server_cpu,BI103202,kmeans,numba,cpu,linux_server_cpu,3000000,,10,20,,,2,26.02103516459465,21.7210565158166,1.8706946363672614,1870.19921875,,pass,inertia=2.08249e+07; rel_delta=0,long_safe,kmeans_cpu__d-10__estimated_host_gib-2.794__implementation-numba__k-20__max_iter-20__n-3000000__profile-long_safe__repeat-3__run_id-long_safe_20260503_190133__seed-2__separation-1.0__threads-16,,2.794,,16,,,,20,1.0
long_safe_20260503_190133,2026-05-03T20:37:18+0800,linux_server_cpu,BI103202,kmeans,numba,cpu,linux_server_cpu,3000000,,10,20,,,1,17.588033005129546,18.22884898679331,0.19227371364831924,1872.796875,,pass,inertia=2.54934e+07; rel_delta=0,long_safe,kmeans_cpu__d-10__estimated_host_gib-2.794__implementation-numba__k-20__max_iter-20__n-3000000__profile-long_safe__repeat-3__run_id-long_safe_20260503_190133__seed-1__separation-2.0__threads-16,,2.794,,16,,,,20,2.0
long_safe_20260503_190133,2026-05-03T20:38:30+0800,linux_server_cpu,BI103202,kmeans,numpy_matmul,cpu,linux_server_cpu,3000000,,10,20,,,0,41.03731938358396,43.555280718021095,1.1075441660359502,1895.82421875,,pass,inertia=2.47378e+07; rel_delta=0,long_safe,kmeans_cpu__d-10__estimated_host_gib-2.794__implementation-numpy_matmul__k-20__max_iter-20__n-3000000__profile-long_safe__repeat-3__run_id-long_safe_20260503_190133__seed-0__separation-2.0__threads-16,,2.794,,16,,,,20,2.0
long_safe_20260503_190133,2026-05-03T20:38:54+0800,linux_server_cpu,BI103202,kmeans,numba,cpu,linux_server_cpu,3000000,,10,50,,,2,14.560600973200053,13.912614983972162,0.31278720567934215,3929.45703125,,pass,inertia=1.79756e+07; rel_delta=0,long_safe,kmeans_cpu__d-10__estimated_host_gib-6.147__implementation-numba__k-50__max_iter-20__n-3000000__profile-long_safe__repeat-3__run_id-long_safe_20260503_190133__seed-2__separation-1.0__threads-16,,6.147,,16,,,,20,1.0
long_safe_20260503_190133,2026-05-03T20:39:08+0800,linux_server_cpu,BI103202,kmeans,numpy_matmul,cpu,linux_server_cpu,3000000,,10,50,,,1,25.709611967206,25.950162609107792,0.22124124015681446,3923.96484375,,pass,inertia=1.82018e+07; rel_delta=0,long_safe,kmeans_cpu__d-10__estimated_host_gib-6.147__implementation-numpy_matmul__k-50__max_iter-20__n-3000000__profile-long_safe__repeat-3__run_id-long_safe_20260503_190133__seed-1__separation-1.0__threads-16,,6.147,,16,,,,20,1.0
long_safe_20260503_190133,2026-05-03T20:39:12+0800,linux_server_cpu,BI103202,kmeans,numpy_matmul,cpu,linux_server_cpu,3000000,,10,20,,,2,35.128820488229394,44.2504861401394,17.06972810649313,1864.1171875,,pass,inertia=2.40367e+07; rel_delta=0,long_safe,kmeans_cpu__d-10__estimated_host_gib-2.794__implementation-numpy_matmul__k-20__max_iter-20__n-3000000__profile-long_safe__repeat-3__run_id-long_safe_20260503_190133__seed-2__separation-2.0__threads-16,,2.794,,16,,,,20,2.0
long_safe_20260503_190133,2026-05-03T20:39:12+0800,linux_server_cpu,BI103202,kmeans,numba,cpu,linux_server_cpu,3000000,,10,50,,,0,23.171466281171888,22.065654355101287,3.9363233784679323,3926.6875,,pass,inertia=1.81458e+07; rel_delta=0,long_safe,kmeans_cpu__d-10__estimated_host_gib-6.147__implementation-numba__k-50__max_iter-20__n-3000000__profile-long_safe__repeat-3__run_id-long_safe_20260503_190133__seed-0__separation-1.0__threads-16,,6.147,,16,,,,20,1.0
long_safe_20260503_190133,2026-05-03T20:40:07+0800,linux_server_cpu,BI103202,kmeans,numba,cpu,linux_server_cpu,3000000,,10,50,,,1,31.55357701377943,23.4988445318304,4.018691711127758,3930.53515625,,pass,inertia=1.82018e+07; rel_delta=0,long_safe,kmeans_cpu__d-10__estimated_host_gib-6.147__implementation-numba__k-50__max_iter-20__n-3000000__profile-long_safe__repeat-3__run_id-long_safe_20260503_190133__seed-1__separation-1.0__threads-16,,6.147,,16,,,,20,1.0
long_safe_20260503_190133,2026-05-03T20:40:56+0800,linux_server_cpu,BI103202,kmeans,numba,cpu,linux_server_cpu,3000000,,10,50,,,0,15.830069108866155,14.980974165722728,0.150079267565161,3927.890625,,pass,inertia=2.21604e+07; rel_delta=0,long_safe,kmeans_cpu__d-10__estimated_host_gib-6.147__implementation-numba__k-50__max_iter-20__n-3000000__profile-long_safe__repeat-3__run_id-long_safe_20260503_190133__seed-0__separation-2.0__threads-16,,6.147,,16,,,,20,2.0
long_safe_20260503_190133,2026-05-03T20:40:57+0800,linux_server_cpu,BI103202,kmeans,numba,cpu,linux_server_cpu,3000000,,10,50,,,1,16.171338584739715,14.312113837338984,0.6599191015120596,3924.65234375,,pass,inertia=2.22755e+07; rel_delta=0,long_safe,kmeans_cpu__d-10__estimated_host_gib-6.147__implementation-numba__k-50__max_iter-20__n-3000000__profile-long_safe__repeat-3__run_id-long_safe_20260503_190133__seed-1__separation-2.0__threads-16,,6.147,,16,,,,20,2.0
long_safe_20260503_190133,2026-05-03T20:41:19+0800,linux_server_cpu,BI103202,kmeans,numpy_matmul,cpu,linux_server_cpu,3000000,,10,50,,,0,47.67350047174841,80.27315180236474,27.841607369016856,3924.515625,,pass,inertia=1.81458e+07; rel_delta=0,long_safe,kmeans_cpu__d-10__estimated_host_gib-6.147__implementation-numpy_matmul__k-50__max_iter-20__n-3000000__profile-long_safe__repeat-3__run_id-long_safe_20260503_190133__seed-0__separation-1.0__threads-16,,6.147,,16,,,,20,1.0
long_safe_20260503_190133,2026-05-03T20:41:54+0800,linux_server_cpu,BI103202,kmeans,numpy_matmul,cpu,linux_server_cpu,3000000,,10,50,,,2,30.20969287492335,26.57167034270242,0.4567056323867291,3923.66015625,,pass,inertia=2.15984e+07; rel_delta=0,long_safe,kmeans_cpu__d-10__estimated_host_gib-6.147__implementation-numpy_matmul__k-50__max_iter-20__n-3000000__profile-long_safe__repeat-3__run_id-long_safe_20260503_190133__seed-2__separation-2.0__threads-16,,6.147,,16,,,,20,2.0
long_safe_20260503_190133,2026-05-03T20:42:31+0800,linux_server_cpu,BI103202,kmeans,numpy_matmul,cpu,linux_server_cpu,3000000,,10,50,,,2,101.37908411491662,61.528250503819436,18.85610421351157,3924.28125,,pass,inertia=1.79756e+07; rel_delta=0,long_safe,kmeans_cpu__d-10__estimated_host_gib-6.147__implementation-numpy_matmul__k-50__max_iter-20__n-3000000__profile-long_safe__repeat-3__run_id-long_safe_20260503_190133__seed-2__separation-1.0__threads-16,,6.147,,16,,,,20,1.0
long_safe_20260503_190133,2026-05-03T20:42:52+0800,linux_server_cpu,BI103202,kmeans,numba,cpu,linux_server_cpu,3000000,,10,50,,,2,24.91642919369042,23.021091612055898,0.7701027567964047,3927.05859375,,pass,inertia=2.15984e+07; rel_delta=0,long_safe,kmeans_cpu__d-10__estimated_host_gib-6.147__implementation-numba__k-50__max_iter-20__n-3000000__profile-long_safe__repeat-3__run_id-long_safe_20260503_190133__seed-2__separation-2.0__threads-16,,6.147,,16,,,,20,2.0
long_safe_20260503_190133,2026-05-03T20:43:37+0800,linux_server_cpu,BI103202,kmeans,numpy_matmul,cpu,linux_server_cpu,3000000,,64,5,,,1,25.84303395403549,24.63190646516159,0.2987443439196795,5102.5546875,,pass,inertia=1.88418e+08; rel_delta=0,long_safe,kmeans_cpu__d-64__estimated_host_gib-4.135__implementation-numpy_matmul__k-5__max_iter-20__n-3000000__profile-long_safe__repeat-3__run_id-long_safe_20260503_190133__seed-1__separation-1.0__threads-16,,4.135,,16,,,,20,1.0
long_safe_20260503_190133,2026-05-03T20:43:47+0800,linux_server_cpu,BI103202,kmeans,numba,cpu,linux_server_cpu,3000000,,64,5,,,1,20.855429206974804,20.410272918641567,0.6714764649514109,5099.73046875,,pass,inertia=1.88418e+08; rel_delta=0,long_safe,kmeans_cpu__d-64__estimated_host_gib-4.135__implementation-numba__k-5__max_iter-20__n-3000000__profile-long_safe__repeat-3__run_id-long_safe_20260503_190133__seed-1__separation-1.0__threads-16,,4.135,,16,,,,20,1.0
long_safe_20260503_190133,2026-05-03T20:43:59+0800,linux_server_cpu,BI103202,kmeans,numpy_matmul,cpu,linux_server_cpu,3000000,,10,50,,,1,54.12905647791922,52.673008650541306,1.1927220958750695,3924.4921875,,pass,inertia=2.22755e+07; rel_delta=0,long_safe,kmeans_cpu__d-10__estimated_host_gib-6.147__implementation-numpy_matmul__k-50__max_iter-20__n-3000000__profile-long_safe__repeat-3__run_id-long_safe_20260503_190133__seed-1__separation-2.0__threads-16,,6.147,,16,,,,20,2.0
long_safe_20260503_190133,2026-05-03T20:44:01+0800,linux_server_cpu,BI103202,kmeans,numba,cpu,linux_server_cpu,3000000,,64,5,,,0,33.212927534710616,34.119941626209766,5.7341556791216135,5106.75390625,,pass,inertia=1.88252e+08; rel_delta=0,long_safe,kmeans_cpu__d-64__estimated_host_gib-4.135__implementation-numba__k-5__max_iter-20__n-3000000__profile-long_safe__repeat-3__run_id-long_safe_20260503_190133__seed-0__separation-1.0__threads-16,,4.135,,16,,,,20,1.0
long_safe_20260503_190133,2026-05-03T20:44:39+0800,linux_server_cpu,BI103202,kmeans,numpy_matmul,cpu,linux_server_cpu,3000000,,10,50,,,0,54.27254912536591,54.63576557813212,13.275711086345837,3924.04296875,,pass,inertia=2.21604e+07; rel_delta=0,long_safe,kmeans_cpu__d-10__estimated_host_gib-6.147__implementation-numpy_matmul__k-50__max_iter-20__n-3000000__profile-long_safe__repeat-3__run_id-long_safe_20260503_190133__seed-0__separation-2.0__threads-16,,6.147,,16,,,,20,2.0
long_safe_20260503_190133,2026-05-03T20:44:41+0800,linux_server_cpu,BI103202,kmeans,numpy_matmul,cpu,linux_server_cpu,3000000,,64,5,,,2,25.000037680845708,23.31751537276432,0.17067527794279158,5102.6953125,,pass,inertia=1.8804e+08; rel_delta=0,long_safe,kmeans_cpu__d-64__estimated_host_gib-4.135__implementation-numpy_matmul__k-5__max_iter-20__n-3000000__profile-long_safe__repeat-3__run_id-long_safe_20260503_190133__seed-2__separation-1.0__threads-16,,4.135,,16,,,,20,1.0
long_safe_20260503_190133,2026-05-03T20:46:27+0800,linux_server_cpu,BI103202,kmeans,numpy_matmul,cpu,linux_server_cpu,3000000,,64,5,,,0,65.18191205477342,61.046614988707006,4.913217126391828,5128.34765625,,pass,inertia=1.88252e+08; rel_delta=0,long_safe,kmeans_cpu__d-64__estimated_host_gib-4.135__implementation-numpy_matmul__k-5__max_iter-20__n-3000000__profile-long_safe__repeat-3__run_id-long_safe_20260503_190133__seed-0__separation-1.0__threads-16,,4.135,,16,,,,20,1.0
long_safe_20260503_190133,2026-05-03T20:47:07+0800,linux_server_cpu,BI103202,kmeans,numpy_matmul,cpu,linux_server_cpu,3000000,,64,5,,,1,35.1322112348862,36.03023673221469,3.628790332470089,5102.78125,,pass,inertia=1.90132e+08; rel_delta=0,long_safe,kmeans_cpu__d-64__estimated_host_gib-4.135__implementation-numpy_matmul__k-5__max_iter-20__n-3000000__profile-long_safe__repeat-3__run_id-long_safe_20260503_190133__seed-1__separation-2.0__threads-16,,4.135,,16,,,,20,2.0
long_safe_20260503_190133,2026-05-03T20:47:40+0800,linux_server_cpu,BI103202,kmeans,numba,cpu,linux_server_cpu,3000000,,64,5,,,2,59.38613322423771,56.32444736594334,3.0554881629068404,5101.8515625,,pass,inertia=1.8804e+08; rel_delta=0,long_safe,kmeans_cpu__d-64__estimated_host_gib-4.135__implementation-numba__k-5__max_iter-20__n-3000000__profile-long_safe__repeat-3__run_id-long_safe_20260503_190133__seed-2__separation-1.0__threads-16,,4.135,,16,,,,20,1.0
long_safe_20260503_190133,2026-05-03T20:47:44+0800,linux_server_cpu,BI103202,kmeans,numba,cpu,linux_server_cpu,3000000,,64,5,,,1,43.33042608015239,42.450414328835905,3.162068295525387,5098.9375,,pass,inertia=1.90132e+08; rel_delta=0,long_safe,kmeans_cpu__d-64__estimated_host_gib-4.135__implementation-numba__k-5__max_iter-20__n-3000000__profile-long_safe__repeat-3__run_id-long_safe_20260503_190133__seed-1__separation-2.0__threads-16,,4.135,,16,,,,20,2.0
long_safe_20260503_190133,2026-05-03T20:48:17+0800,linux_server_cpu,BI103202,kmeans,numba,cpu,linux_server_cpu,3000000,,64,5,,,2,43.897799625992775,37.843365907203406,3.755591510795057,5099.203125,,pass,inertia=1.8969e+08; rel_delta=0,long_safe,kmeans_cpu__d-64__estimated_host_gib-4.135__implementation-numba__k-5__max_iter-20__n-3000000__profile-long_safe__repeat-3__run_id-long_safe_20260503_190133__seed-2__separation-2.0__threads-16,,4.135,,16,,,,20,2.0
long_safe_20260503_190133,2026-05-03T20:48:32+0800,linux_server_cpu,BI103202,kmeans,numba,cpu,linux_server_cpu,3000000,,64,5,,,0,63.746498871129006,46.793322609271854,4.780951393535361,5111.53125,,pass,inertia=1.90262e+08; rel_delta=0,long_safe,kmeans_cpu__d-64__estimated_host_gib-4.135__implementation-numba__k-5__max_iter-20__n-3000000__profile-long_safe__repeat-3__run_id-long_safe_20260503_190133__seed-0__separation-2.0__threads-16,,4.135,,16,,,,20,2.0
long_safe_20260503_190133,2026-05-03T20:48:55+0800,linux_server_cpu,BI103202,kmeans,numpy_matmul,cpu,linux_server_cpu,3000000,,64,5,,,0,69.42244135960937,57.764023821335286,6.227408066391945,5133.64453125,,pass,inertia=1.90262e+08; rel_delta=0,long_safe,kmeans_cpu__d-64__estimated_host_gib-4.135__implementation-numpy_matmul__k-5__max_iter-20__n-3000000__profile-long_safe__repeat-3__run_id-long_safe_20260503_190133__seed-0__separation-2.0__threads-16,,4.135,,16,,,,20,2.0
long_safe_20260503_190133,2026-05-03T20:49:49+0800,linux_server_cpu,BI103202,kmeans,numpy_matmul,cpu,linux_server_cpu,3000000,,64,5,,,2,65.72092471225187,55.04734787903726,2.7766121251042932,5102.61328125,,pass,inertia=1.8969e+08; rel_delta=0,long_safe,kmeans_cpu__d-64__estimated_host_gib-4.135__implementation-numpy_matmul__k-5__max_iter-20__n-3000000__profile-long_safe__repeat-3__run_id-long_safe_20260503_190133__seed-2__separation-2.0__threads-16,,4.135,,16,,,,20,2.0
long_safe_20260503_190133,2026-05-03T20:50:25+0800,linux_server_cpu,BI103202,kmeans,numpy_matmul,cpu,linux_server_cpu,3000000,,64,20,,,1,30.57259261002764,32.122212898917496,0.7343278194312006,5476.60546875,,pass,inertia=1.83446e+08; rel_delta=0,long_safe,kmeans_cpu__d-64__estimated_host_gib-5.811__implementation-numpy_matmul__k-20__max_iter-20__n-3000000__profile-long_safe__repeat-3__run_id-long_safe_20260503_190133__seed-1__separation-1.0__threads-16,,5.811,,16,,,,20,1.0
long_safe_20260503_190133,2026-05-03T20:51:41+0800,linux_server_cpu,BI103202,kmeans,numpy_matmul,cpu,linux_server_cpu,3000000,,64,20,,,0,32.09774160804227,30.528049177955836,1.0035955475177616,5475.15625,,pass,inertia=1.87346e+08; rel_delta=0,long_safe,kmeans_cpu__d-64__estimated_host_gib-5.811__implementation-numpy_matmul__k-20__max_iter-20__n-3000000__profile-long_safe__repeat-3__run_id-long_safe_20260503_190133__seed-0__separation-2.0__threads-16,,5.811,,16,,,,20,2.0
long_safe_20260503_190133,2026-05-03T20:52:09+0800,linux_server_cpu,BI103202,kmeans,numba,cpu,linux_server_cpu,3000000,,64,20,,,0,54.91022949619219,58.57008878374472,5.868056174600497,5453.125,,pass,inertia=1.83423e+08; rel_delta=0,long_safe,kmeans_cpu__d-64__estimated_host_gib-5.811__implementation-numba__k-20__max_iter-20__n-3000000__profile-long_safe__repeat-3__run_id-long_safe_20260503_190133__seed-0__separation-1.0__threads-16,,5.811,,16,,,,20,1.0
long_safe_20260503_190133,2026-05-03T20:52:44+0800,linux_server_cpu,BI103202,kmeans,numpy_matmul,cpu,linux_server_cpu,3000000,,64,20,,,2,43.8613509722054,56.23650025809184,6.786884166067466,5474.26171875,,pass,inertia=1.83165e+08; rel_delta=0,long_safe,kmeans_cpu__d-64__estimated_host_gib-5.811__implementation-numpy_matmul__k-20__max_iter-20__n-3000000__profile-long_safe__repeat-3__run_id-long_safe_20260503_190133__seed-2__separation-1.0__threads-16,,5.811,,16,,,,20,1.0
long_safe_20260503_190133,2026-05-03T20:52:51+0800,linux_server_cpu,BI103202,kmeans,numpy_matmul,cpu,linux_server_cpu,3000000,,64,20,,,0,77.55943307606503,73.33688162313774,2.1745803158264607,5476.30078125,,pass,inertia=1.83423e+08; rel_delta=0,long_safe,kmeans_cpu__d-64__estimated_host_gib-5.811__implementation-numpy_matmul__k-20__max_iter-20__n-3000000__profile-long_safe__repeat-3__run_id-long_safe_20260503_190133__seed-0__separation-1.0__threads-16,,5.811,,16,,,,20,1.0
long_safe_20260503_190133,2026-05-03T20:52:53+0800,linux_server_cpu,BI103202,kmeans,numba,cpu,linux_server_cpu,3000000,,64,20,,,1,52.29746245406568,58.77176109375432,2.57637727400288,5449.8125,,pass,inertia=1.83446e+08; rel_delta=0,long_safe,kmeans_cpu__d-64__estimated_host_gib-5.811__implementation-numba__k-20__max_iter-20__n-3000000__profile-long_safe__repeat-3__run_id-long_safe_20260503_190133__seed-1__separation-1.0__threads-16,,5.811,,16,,,,20,1.0
long_safe_20260503_190133,2026-05-03T20:53:01+0800,linux_server_cpu,BI103202,kmeans,numba,cpu,linux_server_cpu,3000000,,64,20,,,2,50.828112091403455,49.4487469708547,2.296625974820927,5447.11328125,,pass,inertia=1.83165e+08; rel_delta=0,long_safe,kmeans_cpu__d-64__estimated_host_gib-5.811__implementation-numba__k-20__max_iter-20__n-3000000__profile-long_safe__repeat-3__run_id-long_safe_20260503_190133__seed-2__separation-1.0__threads-16,,5.811,,16,,,,20,1.0
long_safe_20260503_190133,2026-05-03T20:54:08+0800,linux_server_cpu,BI103202,kmeans,numba,cpu,linux_server_cpu,3000000,,64,20,,,0,44.68982999585569,46.443951793015,4.034277432598174,5447.51171875,,pass,inertia=1.87346e+08; rel_delta=0,long_safe,kmeans_cpu__d-64__estimated_host_gib-5.811__implementation-numba__k-20__max_iter-20__n-3000000__profile-long_safe__repeat-3__run_id-long_safe_20260503_190133__seed-0__separation-2.0__threads-16,,5.811,,16,,,,20,2.0
long_safe_20260503_190133,2026-05-03T20:55:04+0800,linux_server_cpu,BI103202,kmeans,numba,cpu,linux_server_cpu,3000000,,64,20,,,1,37.93040818301961,37.4205344771035,1.1300776975695044,5446.125,,pass,inertia=1.87313e+08; rel_delta=0,long_safe,kmeans_cpu__d-64__estimated_host_gib-5.811__implementation-numba__k-20__max_iter-20__n-3000000__profile-long_safe__repeat-3__run_id-long_safe_20260503_190133__seed-1__separation-2.0__threads-16,,5.811,,16,,,,20,2.0
long_safe_20260503_190133,2026-05-03T20:56:41+0800,linux_server_cpu,BI103202,kmeans,numpy_matmul,cpu,linux_server_cpu,3000000,,64,20,,,1,74.79610441671684,67.49124613404274,11.413493326865137,5474.421875,,pass,inertia=1.87313e+08; rel_delta=0,long_safe,kmeans_cpu__d-64__estimated_host_gib-5.811__implementation-numpy_matmul__k-20__max_iter-20__n-3000000__profile-long_safe__repeat-3__run_id-long_safe_20260503_190133__seed-1__separation-2.0__threads-16,,5.811,,16,,,,20,2.0
long_safe_20260503_190133,2026-05-03T20:56:39+0800,linux_server_cpu,BI103202,kmeans,numpy_matmul,cpu,linux_server_cpu,3000000,,64,50,,,0,45.5890794750303,43.1779859829694,1.5612461678683758,6164.51953125,,pass,inertia=1.791e+08; rel_delta=0,long_safe,kmeans_cpu__d-64__estimated_host_gib-9.164__implementation-numpy_matmul__k-50__max_iter-20__n-3000000__profile-long_safe__repeat-3__run_id-long_safe_20260503_190133__seed-0__separation-1.0__threads-16,,9.164,,16,,,,20,1.0
long_safe_20260503_190133,2026-05-03T20:57:45+0800,linux_server_cpu,BI103202,kmeans,numba,cpu,linux_server_cpu,3000000,,64,50,,,0,50.33939601900056,48.007820948027074,4.177835209760815,6169.87109375,,pass,inertia=1.791e+08; rel_delta=0,long_safe,kmeans_cpu__d-64__estimated_host_gib-9.164__implementation-numba__k-50__max_iter-20__n-3000000__profile-long_safe__repeat-3__run_id-long_safe_20260503_190133__seed-0__separation-1.0__threads-16,,9.164,,16,,,,20,1.0
long_safe_20260503_190133,2026-05-03T20:58:04+0800,linux_server_cpu,BI103202,kmeans,numba,cpu,linux_server_cpu,3000000,,64,20,,,2,63.00579984718934,62.328586789779365,4.339064330095425,5470.53125,,pass,inertia=1.87369e+08; rel_delta=0,long_safe,kmeans_cpu__d-64__estimated_host_gib-5.811__implementation-numba__k-20__max_iter-20__n-3000000__profile-long_safe__repeat-3__run_id-long_safe_20260503_190133__seed-2__separation-2.0__threads-16,,5.811,,16,,,,20,2.0
long_safe_20260503_190133,2026-05-03T20:58:10+0800,linux_server_cpu,BI103202,kmeans,numpy_matmul,cpu,linux_server_cpu,3000000,,64,20,,,2,55.41470758989453,80.96652531437576,6.3532189736142755,5476.546875,,pass,inertia=1.87369e+08; rel_delta=0,long_safe,kmeans_cpu__d-64__estimated_host_gib-5.811__implementation-numpy_matmul__k-20__max_iter-20__n-3000000__profile-long_safe__repeat-3__run_id-long_safe_20260503_190133__seed-2__separation-2.0__threads-16,,5.811,,16,,,,20,2.0
long_safe_20260503_190133,2026-05-03T20:58:33+0800,linux_server_cpu,BI103202,kmeans,numpy_matmul,cpu,linux_server_cpu,3000000,,64,50,,,1,66.67078210413456,65.20986149273813,0.6637541130185127,6164.5859375,,pass,inertia=1.79109e+08; rel_delta=0,long_safe,kmeans_cpu__d-64__estimated_host_gib-9.164__implementation-numpy_matmul__k-50__max_iter-20__n-3000000__profile-long_safe__repeat-3__run_id-long_safe_20260503_190133__seed-1__separation-1.0__threads-16,,9.164,,16,,,,20,1.0
long_safe_20260503_190133,2026-05-03T21:00:09+0800,linux_server_cpu,BI103202,kmeans,numba,cpu,linux_server_cpu,3000000,,64,50,,,1,71.62420777790248,56.011905004270375,3.346517633413896,6169.55078125,,pass,inertia=1.79109e+08; rel_delta=0,long_safe,kmeans_cpu__d-64__estimated_host_gib-9.164__implementation-numba__k-50__max_iter-20__n-3000000__profile-long_safe__repeat-3__run_id-long_safe_20260503_190133__seed-1__separation-1.0__threads-16,,9.164,,16,,,,20,1.0
long_safe_20260503_190133,2026-05-03T21:00:56+0800,linux_server_cpu,BI103202,kmeans,numba,cpu,linux_server_cpu,3000000,,64,50,,,0,33.61647464102134,33.16026860382408,0.4406370024662465,6170.55859375,,pass,inertia=1.85107e+08; rel_delta=0,long_safe,kmeans_cpu__d-64__estimated_host_gib-9.164__implementation-numba__k-50__max_iter-20__n-3000000__profile-long_safe__repeat-3__run_id-long_safe_20260503_190133__seed-0__separation-2.0__threads-16,,9.164,,16,,,,20,2.0
long_safe_20260503_190133,2026-05-03T21:01:13+0800,linux_server_cpu,BI103202,kmeans,numba,cpu,linux_server_cpu,3000000,,64,50,,,1,33.17671640124172,32.12538947118446,0.5948037484195083,6169.828125,,pass,inertia=1.84974e+08; rel_delta=0,long_safe,kmeans_cpu__d-64__estimated_host_gib-9.164__implementation-numba__k-50__max_iter-20__n-3000000__profile-long_safe__repeat-3__run_id-long_safe_20260503_190133__seed-1__separation-2.0__threads-16,,9.164,,16,,,,20,2.0
long_safe_20260503_190133,2026-05-03T21:02:01+0800,linux_server_cpu,BI103202,kmeans,numpy_matmul,cpu,linux_server_cpu,3000000,,64,50,,,2,88.43700412008911,73.98074534209445,3.8196985400281847,6164.328125,,pass,inertia=1.78941e+08; rel_delta=0,long_safe,kmeans_cpu__d-64__estimated_host_gib-9.164__implementation-numpy_matmul__k-50__max_iter-20__n-3000000__profile-long_safe__repeat-3__run_id-long_safe_20260503_190133__seed-2__separation-1.0__threads-16,,9.164,,16,,,,20,1.0
long_safe_20260503_190133,2026-05-03T21:02:51+0800,linux_server_cpu,BI103202,kmeans,numba,cpu,linux_server_cpu,3000000,,64,50,,,2,62.541200201027095,67.54928077105433,7.151152027305216,6169.9296875,,pass,inertia=1.78941e+08; rel_delta=0,long_safe,kmeans_cpu__d-64__estimated_host_gib-9.164__implementation-numba__k-50__max_iter-20__n-3000000__profile-long_safe__repeat-3__run_id-long_safe_20260503_190133__seed-2__separation-1.0__threads-16,,9.164,,16,,,,20,1.0
long_safe_20260503_190133,2026-05-03T21:03:43+0800,linux_server_cpu,BI103202,kmeans,numpy_matmul,cpu,linux_server_cpu,3000000,,64,50,,,0,64.01872986601666,90.74854074791074,8.780033369082958,6164.27734375,,pass,inertia=1.85107e+08; rel_delta=0,long_safe,kmeans_cpu__d-64__estimated_host_gib-9.164__implementation-numpy_matmul__k-50__max_iter-20__n-3000000__profile-long_safe__repeat-3__run_id-long_safe_20260503_190133__seed-0__separation-2.0__threads-16,,9.164,,16,,,,20,2.0
long_safe_20260503_190133,2026-05-03T21:04:42+0800,linux_server_cpu,BI103202,kmeans,numpy_matmul,cpu,linux_server_cpu,3000000,,64,50,,,2,84.29835354723036,63.08726383699104,8.716888752998784,6164.53515625,,pass,inertia=1.84789e+08; rel_delta=0,long_safe,kmeans_cpu__d-64__estimated_host_gib-9.164__implementation-numpy_matmul__k-50__max_iter-20__n-3000000__profile-long_safe__repeat-3__run_id-long_safe_20260503_190133__seed-2__separation-2.0__threads-16,,9.164,,16,,,,20,2.0
long_safe_20260503_190133,2026-05-03T21:05:36+0800,linux_server_cpu,BI103202,kmeans,numba,cpu,linux_server_cpu,3000000,,64,50,,,2,63.35611152788624,54.72025479376316,13.023190363543108,6170.92578125,,pass,inertia=1.84789e+08; rel_delta=0,long_safe,kmeans_cpu__d-64__estimated_host_gib-9.164__implementation-numba__k-50__max_iter-20__n-3000000__profile-long_safe__repeat-3__run_id-long_safe_20260503_190133__seed-2__separation-2.0__threads-16,,9.164,,16,,,,20,2.0
long_safe_20260503_190133,2026-05-03T21:05:56+0800,linux_server_cpu,BI103202,kmeans,numpy_matmul,cpu,linux_server_cpu,3000000,,64,50,,,1,73.39185304194689,92.51632510730997,15.395218544173986,6165.23046875,,pass,inertia=1.84974e+08; rel_delta=0,long_safe,kmeans_cpu__d-64__estimated_host_gib-9.164__implementation-numpy_matmul__k-50__max_iter-20__n-3000000__profile-long_safe__repeat-3__run_id-long_safe_20260503_190133__seed-1__separation-2.0__threads-16,,9.164,,16,,,,20,2.0
long_safe_20260503_190133,2026-05-03T21:07:34+0800,linux_server_cpu,BI103202,kmeans,numpy_matmul,cpu,linux_server_cpu,3000000,,256,5,,,0,76.04890515003353,72.49470536503941,0.6493891517166048,19238.59375,,pass,inertia=7.64276e+08; rel_delta=0,long_safe,kmeans_cpu__d-256__estimated_host_gib-14.864__implementation-numpy_matmul__k-5__max_iter-20__n-3000000__profile-long_safe__repeat-3__run_id-long_safe_20260503_190133__seed-0__separation-1.0__threads-16,,14.864,,16,,,,20,1.0
long_safe_20260503_190133,2026-05-03T21:08:43+0800,linux_server_cpu,BI103202,kmeans,numpy_matmul,cpu,linux_server_cpu,3000000,,256,5,,,1,77.33209431311116,75.06245559453964,2.7293235948309302,19238.28125,,pass,inertia=7.64498e+08; rel_delta=0,long_safe,kmeans_cpu__d-256__estimated_host_gib-14.864__implementation-numpy_matmul__k-5__max_iter-20__n-3000000__profile-long_safe__repeat-3__run_id-long_safe_20260503_190133__seed-1__separation-1.0__threads-16,,14.864,,16,,,,20,1.0
long_safe_20260503_190133,2026-05-03T21:09:13+0800,linux_server_cpu,BI103202,kmeans,numba,cpu,linux_server_cpu,3000000,,256,5,,,1,72.32945224177092,66.13550745137036,2.012549112085253,19253.75,,pass,inertia=7.64498e+08; rel_delta=0,long_safe,kmeans_cpu__d-256__estimated_host_gib-14.864__implementation-numba__k-5__max_iter-20__n-3000000__profile-long_safe__repeat-3__run_id-long_safe_20260503_190133__seed-1__separation-1.0__threads-16,,14.864,,16,,,,20,1.0
long_safe_20260503_190133,2026-05-03T21:10:13+0800,linux_server_cpu,BI103202,kmeans,numba,cpu,linux_server_cpu,3000000,,256,5,,,0,99.76694262772799,94.93678031023592,3.2956761713139713,19252.3203125,,pass,inertia=7.64276e+08; rel_delta=0,long_safe,kmeans_cpu__d-256__estimated_host_gib-14.864__implementation-numba__k-5__max_iter-20__n-3000000__profile-long_safe__repeat-3__run_id-long_safe_20260503_190133__seed-0__separation-1.0__threads-16,,14.864,,16,,,,20,1.0
long_safe_20260503_190133,2026-05-03T21:14:39+0800,linux_server_cpu,BI103202,kmeans,numba,cpu,linux_server_cpu,3000000,,256,5,,,0,97.72243068786338,98.1436661882326,6.489470516098663,19250.578125,,pass,inertia=7.66105e+08; rel_delta=0,long_safe,kmeans_cpu__d-256__estimated_host_gib-14.864__implementation-numba__k-5__max_iter-20__n-3000000__profile-long_safe__repeat-3__run_id-long_safe_20260503_190133__seed-0__separation-2.0__threads-16,,14.864,,16,,,,20,2.0
long_safe_20260503_190133,2026-05-03T21:14:49+0800,linux_server_cpu,BI103202,kmeans,numba,cpu,linux_server_cpu,3000000,,256,5,,,1,66.79466497991234,65.60424816189334,1.7058572475798428,19253.0546875,,pass,inertia=7.66138e+08; rel_delta=0,long_safe,kmeans_cpu__d-256__estimated_host_gib-14.864__implementation-numba__k-5__max_iter-20__n-3000000__profile-long_safe__repeat-3__run_id-long_safe_20260503_190133__seed-1__separation-2.0__threads-16,,14.864,,16,,,,20,2.0
long_safe_20260503_190133,2026-05-03T21:15:39+0800,linux_server_cpu,BI103202,kmeans,numpy_matmul,cpu,linux_server_cpu,3000000,,256,5,,,2,75.5056212595664,72.05052634188905,1.9264445591252297,19238.33984375,,pass,inertia=7.65991e+08; rel_delta=0,long_safe,kmeans_cpu__d-256__estimated_host_gib-14.864__implementation-numpy_matmul__k-5__max_iter-20__n-3000000__profile-long_safe__repeat-3__run_id-long_safe_20260503_190133__seed-2__separation-2.0__threads-16,,14.864,,16,,,,20,2.0
long_safe_20260503_190133,2026-05-03T21:15:46+0800,linux_server_cpu,BI103202,kmeans,numpy_matmul,cpu,linux_server_cpu,3000000,,256,5,,,2,121.36279106000438,175.82416061405092,33.336662243586034,19238.54296875,,pass,inertia=7.64172e+08; rel_delta=0,long_safe,kmeans_cpu__d-256__estimated_host_gib-14.864__implementation-numpy_matmul__k-5__max_iter-20__n-3000000__profile-long_safe__repeat-3__run_id-long_safe_20260503_190133__seed-2__separation-1.0__threads-16,,14.864,,16,,,,20,1.0
long_safe_20260503_190133,2026-05-03T21:15:45+0800,linux_server_cpu,BI103202,kmeans,numba,cpu,linux_server_cpu,3000000,,256,5,,,2,109.82675011502579,138.7751750452444,6.987919470528141,19254.54296875,,pass,inertia=7.64172e+08; rel_delta=0,long_safe,kmeans_cpu__d-256__estimated_host_gib-14.864__implementation-numba__k-5__max_iter-20__n-3000000__profile-long_safe__repeat-3__run_id-long_safe_20260503_190133__seed-2__separation-1.0__threads-16,,14.864,,16,,,,20,1.0
long_safe_20260503_190133,2026-05-03T21:17:20+0800,linux_server_cpu,BI103202,kmeans,numpy_matmul,cpu,linux_server_cpu,3000000,,256,5,,,0,140.6549672652036,131.22388793481514,7.189549182541668,19238.21875,,pass,inertia=7.66105e+08; rel_delta=0,long_safe,kmeans_cpu__d-256__estimated_host_gib-14.864__implementation-numpy_matmul__k-5__max_iter-20__n-3000000__profile-long_safe__repeat-3__run_id-long_safe_20260503_190133__seed-0__separation-2.0__threads-16,,14.864,,16,,,,20,2.0
long_safe_20260503_190133,2026-05-03T21:21:44+0800,linux_server_cpu,BI103202,kmeans,numba,cpu,linux_server_cpu,3000000,,256,5,,,2,128.43125818576664,118.39256521686912,10.49691405869089,19255.7421875,,pass,inertia=7.65991e+08; rel_delta=0,long_safe,kmeans_cpu__d-256__estimated_host_gib-14.864__implementation-numba__k-5__max_iter-20__n-3000000__profile-long_safe__repeat-3__run_id-long_safe_20260503_190133__seed-2__separation-2.0__threads-16,,14.864,,16,,,,20,2.0
long_safe_20260503_190133,2026-05-03T21:22:09+0800,linux_server_cpu,BI103202,kmeans,numba,cpu,linux_server_cpu,3000000,,256,20,,,0,84.47071513114497,83.38882404193282,3.8852093876339495,19592.2421875,,pass,inertia=7.59557e+08; rel_delta=0,long_safe,kmeans_cpu__d-256__estimated_host_gib-16.54__implementation-numba__k-20__max_iter-20__n-3000000__profile-long_safe__repeat-3__run_id-long_safe_20260503_190133__seed-0__separation-1.0__threads-16,,16.54,,16,,,,20,1.0
long_safe_20260503_190133,2026-05-03T21:22:42+0800,linux_server_cpu,BI103202,kmeans,numpy_matmul,cpu,linux_server_cpu,3000000,,256,5,,,1,174.38908686302602,168.59147331304848,50.57537145772949,19238.4375,,pass,inertia=7.66138e+08; rel_delta=0,long_safe,kmeans_cpu__d-256__estimated_host_gib-14.864__implementation-numpy_matmul__k-5__max_iter-20__n-3000000__profile-long_safe__repeat-3__run_id-long_safe_20260503_190133__seed-1__separation-2.0__threads-16,,14.864,,16,,,,20,2.0
long_safe_20260503_190133,2026-05-03T21:23:10+0800,linux_server_cpu,BI103202,kmeans,numpy_matmul,cpu,linux_server_cpu,3000000,,256,20,,,1,93.35518230684102,87.40194533299655,3.205879120854661,19608.7734375,,pass,inertia=7.59604e+08; rel_delta=0,long_safe,kmeans_cpu__d-256__estimated_host_gib-16.54__implementation-numpy_matmul__k-20__max_iter-20__n-3000000__profile-long_safe__repeat-3__run_id-long_safe_20260503_190133__seed-1__separation-1.0__threads-16,,16.54,,16,,,,20,1.0
long_safe_20260503_190133,2026-05-03T21:26:11+0800,linux_server_cpu,BI103202,kmeans,numpy_matmul,cpu,linux_server_cpu,3000000,,256,20,,,0,115.79706866713241,118.80782588524744,48.95757414842956,19607.69921875,,pass,inertia=7.59557e+08; rel_delta=0,long_safe,kmeans_cpu__d-256__estimated_host_gib-16.54__implementation-numpy_matmul__k-20__max_iter-20__n-3000000__profile-long_safe__repeat-3__run_id-long_safe_20260503_190133__seed-0__separation-1.0__threads-16,,16.54,,16,,,,20,1.0
long_safe_20260503_190133,2026-05-03T21:31:30+0800,linux_server_cpu,BI103202,kmeans,numba,cpu,linux_server_cpu,3000000,,256,20,,,1,104.7132999850437,83.71851177187636,12.958664648002014,19595.8125,,pass,inertia=7.63604e+08; rel_delta=0,long_safe,kmeans_cpu__d-256__estimated_host_gib-16.54__implementation-numba__k-20__max_iter-20__n-3000000__profile-long_safe__repeat-3__run_id-long_safe_20260503_190133__seed-1__separation-2.0__threads-16,,16.54,,16,,,,20,2.0
long_safe_20260503_190133,2026-05-03T21:32:25+0800,linux_server_cpu,BI103202,kmeans,numpy_matmul,cpu,linux_server_cpu,3000000,,256,20,,,2,154.7941352170892,243.0009564300999,32.731085176579654,19581.78125,,pass,inertia=7.59396e+08; rel_delta=0,long_safe,kmeans_cpu__d-256__estimated_host_gib-16.54__implementation-numpy_matmul__k-20__max_iter-20__n-3000000__profile-long_safe__repeat-3__run_id-long_safe_20260503_190133__seed-2__separation-1.0__threads-16,,16.54,,16,,,,20,1.0
long_safe_20260503_190133,2026-05-03T21:32:54+0800,linux_server_cpu,BI103202,kmeans,numba,cpu,linux_server_cpu,3000000,,256,20,,,2,124.36352757131681,206.4839196470566,70.09017566079274,19599.51171875,,pass,inertia=7.59396e+08; rel_delta=0,long_safe,kmeans_cpu__d-256__estimated_host_gib-16.54__implementation-numba__k-20__max_iter-20__n-3000000__profile-long_safe__repeat-3__run_id-long_safe_20260503_190133__seed-2__separation-1.0__threads-16,,16.54,,16,,,,20,1.0
long_safe_20260503_190133,2026-05-03T21:33:42+0800,linux_server_cpu,BI103202,kmeans,numba,cpu,linux_server_cpu,3000000,,256,20,,,1,192.57975903712213,234.15345666464418,11.184620689600706,19594.46875,,pass,inertia=7.59604e+08; rel_delta=0,long_safe,kmeans_cpu__d-256__estimated_host_gib-16.54__implementation-numba__k-20__max_iter-20__n-3000000__profile-long_safe__repeat-3__run_id-long_safe_20260503_190133__seed-1__separation-1.0__threads-16,,16.54,,16,,,,20,1.0
long_safe_20260503_190133,2026-05-03T21:38:50+0800,linux_server_cpu,BI103202,kmeans,numpy_matmul,cpu,linux_server_cpu,3000000,,256,20,,,0,181.2303162268363,189.2290366902016,50.04767003143206,19610.4296875,,pass,inertia=7.63625e+08; rel_delta=0,long_safe,kmeans_cpu__d-256__estimated_host_gib-16.54__implementation-numpy_matmul__k-20__max_iter-20__n-3000000__profile-long_safe__repeat-3__run_id-long_safe_20260503_190133__seed-0__separation-2.0__threads-16,,16.54,,16,,,,20,2.0
long_safe_20260503_190133,2026-05-03T21:40:40+0800,linux_server_cpu,BI103202,kmeans,numpy_matmul,cpu,linux_server_cpu,3000000,,256,20,,,1,173.74745538597926,207.6334665589966,30.824746649479493,19611.6953125,,pass,inertia=7.63604e+08; rel_delta=0,long_safe,kmeans_cpu__d-256__estimated_host_gib-16.54__implementation-numpy_matmul__k-20__max_iter-20__n-3000000__profile-long_safe__repeat-3__run_id-long_safe_20260503_190133__seed-1__separation-2.0__threads-16,,16.54,,16,,,,20,2.0
long_safe_20260503_190133,2026-05-03T21:40:58+0800,linux_server_cpu,BI103202,kmeans,numba,cpu,linux_server_cpu,3000000,,256,20,,,0,274.2985696690157,195.3699217196554,13.987006915034726,19593.6171875,,pass,inertia=7.63625e+08; rel_delta=0,long_safe,kmeans_cpu__d-256__estimated_host_gib-16.54__implementation-numba__k-20__max_iter-20__n-3000000__profile-long_safe__repeat-3__run_id-long_safe_20260503_190133__seed-0__separation-2.0__threads-16,,16.54,,16,,,,20,2.0
long_safe_20260503_190133,2026-05-03T21:41:54+0800,linux_server_cpu,BI103202,kmeans,numpy_matmul,cpu,linux_server_cpu,3000000,,256,50,,,1,90.35789462924004,92.48090630583465,3.548608751501888,20269.14453125,,pass,inertia=7.55153e+08; rel_delta=0,long_safe,kmeans_cpu__d-256__estimated_host_gib-19.893__implementation-numpy_matmul__k-50__max_iter-20__n-3000000__profile-long_safe__repeat-3__run_id-long_safe_20260503_190133__seed-1__separation-1.0__threads-16,,19.893,,16,,,,20,1.0
long_safe_20260503_190133,2026-05-03T21:44:22+0800,linux_server_cpu,BI103202,kmeans,numpy_matmul,cpu,linux_server_cpu,3000000,,256,20,,,2,225.43179754680023,153.97404547035694,37.345264518866315,19613.35546875,,pass,inertia=7.63704e+08; rel_delta=0,long_safe,kmeans_cpu__d-256__estimated_host_gib-16.54__implementation-numpy_matmul__k-20__max_iter-20__n-3000000__profile-long_safe__repeat-3__run_id-long_safe_20260503_190133__seed-2__separation-2.0__threads-16,,16.54,,16,,,,20,2.0
long_safe_20260503_190133,2026-05-03T21:47:38+0800,linux_server_cpu,BI103202,kmeans,numpy_matmul,cpu,linux_server_cpu,3000000,,256,50,,,0,135.5858605359681,152.65388668421656,25.605823728255928,20293.46875,,pass,inertia=7.5514e+08; rel_delta=0,long_safe,kmeans_cpu__d-256__estimated_host_gib-19.893__implementation-numpy_matmul__k-50__max_iter-20__n-3000000__profile-long_safe__repeat-3__run_id-long_safe_20260503_190133__seed-0__separation-1.0__threads-16,,19.893,,16,,,,20,1.0
long_safe_20260503_190133,2026-05-03T21:47:51+0800,linux_server_cpu,BI103202,kmeans,numba,cpu,linux_server_cpu,3000000,,256,50,,,0,160.1268743639812,178.79650059714913,11.179641149938107,20291.07421875,,pass,inertia=7.5514e+08; rel_delta=0,long_safe,kmeans_cpu__d-256__estimated_host_gib-19.893__implementation-numba__k-50__max_iter-20__n-3000000__profile-long_safe__repeat-3__run_id-long_safe_20260503_190133__seed-0__separation-1.0__threads-16,,19.893,,16,,,,20,1.0
long_safe_20260503_190133,2026-05-03T21:48:06+0800,linux_server_cpu,BI103202,kmeans,numba,cpu,linux_server_cpu,3000000,,256,20,,,2,161.02381767192855,171.0659609711729,45.48771403450519,19603.0390625,,pass,inertia=7.63704e+08; rel_delta=0,long_safe,kmeans_cpu__d-256__estimated_host_gib-16.54__implementation-numba__k-20__max_iter-20__n-3000000__profile-long_safe__repeat-3__run_id-long_safe_20260503_190133__seed-2__separation-2.0__threads-16,,16.54,,16,,,,20,2.0
long_safe_20260503_190133,2026-05-03T21:55:24+0800,linux_server_cpu,BI103202,kmeans,numpy_matmul,cpu,linux_server_cpu,3000000,,256,50,,,0,133.7890969621949,125.64981744484976,31.342438102001324,20296.62890625,,pass,inertia=7.62312e+08; rel_delta=0,long_safe,kmeans_cpu__d-256__estimated_host_gib-19.893__implementation-numpy_matmul__k-50__max_iter-20__n-3000000__profile-long_safe__repeat-3__run_id-long_safe_20260503_190133__seed-0__separation-2.0__threads-16,,19.893,,16,,,,20,2.0
long_safe_20260503_190133,2026-05-03T21:56:42+0800,linux_server_cpu,BI103202,kmeans,numba,cpu,linux_server_cpu,3000000,,256,50,,,0,128.76757824001834,153.62849683500826,13.223925669444725,20291.9609375,,pass,inertia=7.62312e+08; rel_delta=0,long_safe,kmeans_cpu__d-256__estimated_host_gib-19.893__implementation-numba__k-50__max_iter-20__n-3000000__profile-long_safe__repeat-3__run_id-long_safe_20260503_190133__seed-0__separation-2.0__threads-16,,19.893,,16,,,,20,2.0
long_safe_20260503_190133,2026-05-03T22:00:08+0800,linux_server_cpu,BI103202,kmeans,numpy_matmul,cpu,linux_server_cpu,3000000,,256,50,,,2,250.4029302378185,276.4582438929938,62.34737433004193,20297.0546875,,pass,inertia=7.54994e+08; rel_delta=0,long_safe,kmeans_cpu__d-256__estimated_host_gib-19.893__implementation-numpy_matmul__k-50__max_iter-20__n-3000000__profile-long_safe__repeat-3__run_id-long_safe_20260503_190133__seed-2__separation-1.0__threads-16,,19.893,,16,,,,20,1.0
long_safe_20260503_190133,2026-05-03T22:01:18+0800,linux_server_cpu,BI103202,kmeans,numba,cpu,linux_server_cpu,3000000,,256,50,,,1,222.17366406694055,315.9667112370953,47.26963195553981,20291.5,,pass,inertia=7.55153e+08; rel_delta=0,long_safe,kmeans_cpu__d-256__estimated_host_gib-19.893__implementation-numba__k-50__max_iter-20__n-3000000__profile-long_safe__repeat-3__run_id-long_safe_20260503_190133__seed-1__separation-1.0__threads-16,,19.893,,16,,,,20,1.0
long_safe_20260503_190133,2026-05-03T22:01:31+0800,linux_server_cpu,BI103202,kmeans,numba,cpu,linux_server_cpu,3000000,,256,50,,,1,174.44121356634423,166.03543894179165,30.32684828597121,20291.0859375,,pass,inertia=7.62159e+08; rel_delta=0,long_safe,kmeans_cpu__d-256__estimated_host_gib-19.893__implementation-numba__k-50__max_iter-20__n-3000000__profile-long_safe__repeat-3__run_id-long_safe_20260503_190133__seed-1__separation-2.0__threads-16,,19.893,,16,,,,20,2.0
long_safe_20260503_190133,2026-05-03T22:02:45+0800,linux_server_cpu,BI103202,kmeans,numba,cpu,linux_server_cpu,5000000,,10,5,,,0,25.03911257861182,30.575721675064415,3.2636121208779514,1618.7890625,,pass,inertia=4.3669e+07; rel_delta=0,long_safe,kmeans_cpu__d-10__estimated_host_gib-1.863__implementation-numba__k-5__max_iter-20__n-5000000__profile-long_safe__repeat-3__run_id-long_safe_20260503_190133__seed-0__separation-1.0__threads-16,,1.863,,16,,,,20,1.0
long_safe_20260503_190133,2026-05-03T22:03:08+0800,linux_server_cpu,BI103202,kmeans,numpy_matmul,cpu,linux_server_cpu,5000000,,10,5,,,0,46.582495962269604,42.813419128768146,1.8688258661422879,1643.66015625,,pass,inertia=4.3669e+07; rel_delta=0,long_safe,kmeans_cpu__d-10__estimated_host_gib-1.863__implementation-numpy_matmul__k-5__max_iter-20__n-5000000__profile-long_safe__repeat-3__run_id-long_safe_20260503_190133__seed-0__separation-1.0__threads-16,,1.863,,16,,,,20,1.0
long_safe_20260503_190133,2026-05-03T22:03:56+0800,linux_server_cpu,BI103202,kmeans,numba,cpu,linux_server_cpu,3000000,,256,50,,,2,184.8025212381035,310.13549442216754,25.394841507077217,20290.70703125,,pass,inertia=7.54994e+08; rel_delta=0,long_safe,kmeans_cpu__d-256__estimated_host_gib-19.893__implementation-numba__k-50__max_iter-20__n-3000000__profile-long_safe__repeat-3__run_id-long_safe_20260503_190133__seed-2__separation-1.0__threads-16,,19.893,,16,,,,20,1.0
long_safe_20260503_190133,2026-05-03T22:04:06+0800,linux_server_cpu,BI103202,kmeans,numpy_matmul,cpu,linux_server_cpu,5000000,,10,5,,,1,34.15531475422904,27.636325370054692,0.7088904699776322,1651.77734375,,pass,inertia=4.37438e+07; rel_delta=0,long_safe,kmeans_cpu__d-10__estimated_host_gib-1.863__implementation-numpy_matmul__k-5__max_iter-20__n-5000000__profile-long_safe__repeat-3__run_id-long_safe_20260503_190133__seed-1__separation-1.0__threads-16,,1.863,,16,,,,20,1.0
long_safe_20260503_190133,2026-05-03T22:04:06+0800,linux_server_cpu,BI103202,kmeans,numba,cpu,linux_server_cpu,5000000,,10,5,,,1,28.796748735941947,26.939994371961802,0.890494376886636,1619.5078125,,pass,inertia=4.37438e+07; rel_delta=0,long_safe,kmeans_cpu__d-10__estimated_host_gib-1.863__implementation-numba__k-5__max_iter-20__n-5000000__profile-long_safe__repeat-3__run_id-long_safe_20260503_190133__seed-1__separation-1.0__threads-16,,1.863,,16,,,,20,1.0
long_safe_20260503_190133,2026-05-03T22:04:15+0800,linux_server_cpu,BI103202,kmeans,numpy_matmul,cpu,linux_server_cpu,3000000,,256,50,,,1,141.54019914614037,203.680334887933,29.29983015311882,20296.171875,,pass,inertia=7.62159e+08; rel_delta=0,long_safe,kmeans_cpu__d-256__estimated_host_gib-19.893__implementation-numpy_matmul__k-50__max_iter-20__n-3000000__profile-long_safe__repeat-3__run_id-long_safe_20260503_190133__seed-1__separation-2.0__threads-16,,19.893,,16,,,,20,2.0
long_safe_20260503_190133,2026-05-03T22:05:06+0800,linux_server_cpu,BI103202,kmeans,numba,cpu,linux_server_cpu,5000000,,10,5,,,2,22.91116360714659,21.24937771493569,0.2988896609749645,1622.93359375,,pass,inertia=4.27578e+07; rel_delta=0,long_safe,kmeans_cpu__d-10__estimated_host_gib-1.863__implementation-numba__k-5__max_iter-20__n-5000000__profile-long_safe__repeat-3__run_id-long_safe_20260503_190133__seed-2__separation-1.0__threads-16,,1.863,,16,,,,20,1.0
long_safe_20260503_190133,2026-05-03T22:05:31+0800,linux_server_cpu,BI103202,kmeans,numpy_matmul,cpu,linux_server_cpu,3000000,,256,50,,,2,196.93398002395406,194.2510350579396,26.056423858506605,20297.3046875,,pass,inertia=7.62244e+08; rel_delta=0,long_safe,kmeans_cpu__d-256__estimated_host_gib-19.893__implementation-numpy_matmul__k-50__max_iter-20__n-3000000__profile-long_safe__repeat-3__run_id-long_safe_20260503_190133__seed-2__separation-2.0__threads-16,,19.893,,16,,,,20,2.0
long_safe_20260503_190133,2026-05-03T22:06:08+0800,linux_server_cpu,BI103202,kmeans,numpy_matmul,cpu,linux_server_cpu,5000000,,10,5,,,2,39.40393427107483,40.80982013326138,1.434013141086325,1662.03515625,,pass,inertia=4.27578e+07; rel_delta=0,long_safe,kmeans_cpu__d-10__estimated_host_gib-1.863__implementation-numpy_matmul__k-5__max_iter-20__n-5000000__profile-long_safe__repeat-3__run_id-long_safe_20260503_190133__seed-2__separation-1.0__threads-16,,1.863,,16,,,,20,1.0
long_safe_20260503_190133,2026-05-03T22:06:54+0800,linux_server_cpu,BI103202,kmeans,numpy_matmul,cpu,linux_server_cpu,5000000,,10,5,,,0,35.4844103041105,27.415073677897453,2.1315786719787866,1643.73828125,,pass,inertia=4.71346e+07; rel_delta=0,long_safe,kmeans_cpu__d-10__estimated_host_gib-1.863__implementation-numpy_matmul__k-5__max_iter-20__n-5000000__profile-long_safe__repeat-3__run_id-long_safe_20260503_190133__seed-0__separation-2.0__threads-16,,1.863,,16,,,,20,2.0
long_safe_20260503_190133,2026-05-03T22:07:03+0800,linux_server_cpu,BI103202,kmeans,numba,cpu,linux_server_cpu,5000000,,10,5,,,0,27.157672266010195,38.1712920977734,2.3615745052229613,1618.62890625,,pass,inertia=4.71346e+07; rel_delta=0,long_safe,kmeans_cpu__d-10__estimated_host_gib-1.863__implementation-numba__k-5__max_iter-20__n-5000000__profile-long_safe__repeat-3__run_id-long_safe_20260503_190133__seed-0__separation-2.0__threads-16,,1.863,,16,,,,20,2.0
long_safe_20260503_190133,2026-05-03T22:07:17+0800,linux_server_cpu,BI103202,kmeans,numpy_matmul,cpu,linux_server_cpu,5000000,,10,5,,,1,35.56105920113623,34.321740847080946,5.820332103874534,1653.1328125,,pass,inertia=4.79789e+07; rel_delta=0,long_safe,kmeans_cpu__d-10__estimated_host_gib-1.863__implementation-numpy_matmul__k-5__max_iter-20__n-5000000__profile-long_safe__repeat-3__run_id-long_safe_20260503_190133__seed-1__separation-2.0__threads-16,,1.863,,16,,,,20,2.0
long_safe_20260503_190133,2026-05-03T22:07:44+0800,linux_server_cpu,BI103202,kmeans,numba,cpu,linux_server_cpu,5000000,,10,5,,,1,38.831869593821466,39.145951081998646,3.5937723906245083,1621.3046875,,pass,inertia=4.79789e+07; rel_delta=0,long_safe,kmeans_cpu__d-10__estimated_host_gib-1.863__implementation-numba__k-5__max_iter-20__n-5000000__profile-long_safe__repeat-3__run_id-long_safe_20260503_190133__seed-1__separation-2.0__threads-16,,1.863,,16,,,,20,2.0
long_safe_20260503_190133,2026-05-03T22:08:12+0800,linux_server_cpu,BI103202,kmeans,numba,cpu,linux_server_cpu,3000000,,256,50,,,2,136.67384095909074,123.13993638008833,18.854105348233134,20290.5703125,,pass,inertia=7.62244e+08; rel_delta=0,long_safe,kmeans_cpu__d-256__estimated_host_gib-19.893__implementation-numba__k-50__max_iter-20__n-3000000__profile-long_safe__repeat-3__run_id-long_safe_20260503_190133__seed-2__separation-2.0__threads-16,,19.893,,16,,,,20,2.0
long_safe_20260503_190133,2026-05-03T22:08:21+0800,linux_server_cpu,BI103202,kmeans,numpy_matmul,cpu,linux_server_cpu,5000000,,10,5,,,2,26.259165022987872,42.03004801925272,19.628011082997546,1662.17578125,,pass,inertia=4.47957e+07; rel_delta=0,long_safe,kmeans_cpu__d-10__estimated_host_gib-1.863__implementation-numpy_matmul__k-5__max_iter-20__n-5000000__profile-long_safe__repeat-3__run_id-long_safe_20260503_190133__seed-2__separation-2.0__threads-16,,1.863,,16,,,,20,2.0
long_safe_20260503_190133,2026-05-03T22:09:21+0800,linux_server_cpu,BI103202,kmeans,numba,cpu,linux_server_cpu,5000000,,10,5,,,2,33.50242156488821,49.0541217350401,8.64438818837516,1623.59765625,,pass,inertia=4.47957e+07; rel_delta=0,long_safe,kmeans_cpu__d-10__estimated_host_gib-1.863__implementation-numba__k-5__max_iter-20__n-5000000__profile-long_safe__repeat-3__run_id-long_safe_20260503_190133__seed-2__separation-2.0__threads-16,,1.863,,16,,,,20,2.0
long_safe_20260503_190133,2026-05-03T22:10:08+0800,linux_server_cpu,BI103202,kmeans,numpy_matmul,cpu,linux_server_cpu,5000000,,10,20,,,0,52.35319392802194,46.34999428316951,2.741103612119332,2998.59765625,,pass,inertia=3.52086e+07; rel_delta=0,long_safe,kmeans_cpu__d-10__estimated_host_gib-4.657__implementation-numpy_matmul__k-20__max_iter-20__n-5000000__profile-long_safe__repeat-3__run_id-long_safe_20260503_190133__seed-0__separation-1.0__threads-16,,4.657,,16,,,,20,1.0
long_safe_20260503_190133,2026-05-03T22:11:17+0800,linux_server_cpu,BI103202,kmeans,numba,cpu,linux_server_cpu,5000000,,10,20,,,1,45.962633836083114,35.23852043924853,1.5134097875561565,2969.01953125,,pass,inertia=3.54905e+07; rel_delta=0,long_safe,kmeans_cpu__d-10__estimated_host_gib-4.657__implementation-numba__k-20__max_iter-20__n-5000000__profile-long_safe__repeat-3__run_id-long_safe_20260503_190133__seed-1__separation-1.0__threads-16,,4.657,,16,,,,20,1.0
long_safe_20260503_190133,2026-05-03T22:11:58+0800,linux_server_cpu,BI103202,kmeans,numba,cpu,linux_server_cpu,5000000,,10,20,,,0,58.587994748260826,55.77619088673964,8.499924417585135,2970.109375,,pass,inertia=3.52086e+07; rel_delta=0,long_safe,kmeans_cpu__d-10__estimated_host_gib-4.657__implementation-numba__k-20__max_iter-20__n-5000000__profile-long_safe__repeat-3__run_id-long_safe_20260503_190133__seed-0__separation-1.0__threads-16,,4.657,,16,,,,20,1.0
long_safe_20260503_190133,2026-05-03T22:12:52+0800,linux_server_cpu,BI103202,kmeans,numba,cpu,linux_server_cpu,5000000,,10,20,,,2,35.078521370887756,48.896606212016195,3.60906428610906,2971.97265625,,pass,inertia=3.45564e+07; rel_delta=0,long_safe,kmeans_cpu__d-10__estimated_host_gib-4.657__implementation-numba__k-20__max_iter-20__n-5000000__profile-long_safe__repeat-3__run_id-long_safe_20260503_190133__seed-2__separation-1.0__threads-16,,4.657,,16,,,,20,1.0
long_safe_20260503_190133,2026-05-03T22:13:05+0800,linux_server_cpu,BI103202,kmeans,numpy_matmul,cpu,linux_server_cpu,5000000,,10,20,,,2,58.10883633233607,59.135334259830415,9.487340595573187,3001.0625,,pass,inertia=3.45564e+07; rel_delta=0,long_safe,kmeans_cpu__d-10__estimated_host_gib-4.657__implementation-numpy_matmul__k-20__max_iter-20__n-5000000__profile-long_safe__repeat-3__run_id-long_safe_20260503_190133__seed-2__separation-1.0__threads-16,,4.657,,16,,,,20,1.0
long_safe_20260503_190133,2026-05-03T22:15:08+0800,linux_server_cpu,BI103202,kmeans,numpy_matmul,cpu,linux_server_cpu,5000000,,10,20,,,1,83.62258637230843,108.47635204903781,13.479946369072422,2999.6171875,,pass,inertia=3.54905e+07; rel_delta=0,long_safe,kmeans_cpu__d-10__estimated_host_gib-4.657__implementation-numpy_matmul__k-20__max_iter-20__n-5000000__profile-long_safe__repeat-3__run_id-long_safe_20260503_190133__seed-1__separation-1.0__threads-16,,4.657,,16,,,,20,1.0
long_safe_20260503_190133,2026-05-03T22:15:25+0800,linux_server_cpu,BI103202,kmeans,numba,cpu,linux_server_cpu,5000000,,10,20,,,0,40.68861233396456,42.33261586818844,9.750805536517873,2971.78515625,,pass,inertia=4.10941e+07; rel_delta=0,long_safe,kmeans_cpu__d-10__estimated_host_gib-4.657__implementation-numba__k-20__max_iter-20__n-5000000__profile-long_safe__repeat-3__run_id-long_safe_20260503_190133__seed-0__separation-2.0__threads-16,,4.657,,16,,,,20,2.0
long_safe_20260503_190133,2026-05-03T22:16:30+0800,linux_server_cpu,BI103202,kmeans,numpy_matmul,cpu,linux_server_cpu,5000000,,10,20,,,1,45.09496433194727,49.02298573264852,18.63097948092036,3000.8203125,,pass,inertia=4.15433e+07; rel_delta=0,long_safe,kmeans_cpu__d-10__estimated_host_gib-4.657__implementation-numpy_matmul__k-20__max_iter-20__n-5000000__profile-long_safe__repeat-3__run_id-long_safe_20260503_190133__seed-1__separation-2.0__threads-16,,4.657,,16,,,,20,2.0
long_safe_20260503_190133,2026-05-03T22:16:46+0800,linux_server_cpu,BI103202,kmeans,numpy_matmul,cpu,linux_server_cpu,5000000,,10,20,,,2,45.33864426007494,44.71803069114685,0.4659565140027553,2998.48046875,,pass,inertia=3.93265e+07; rel_delta=0,long_safe,kmeans_cpu__d-10__estimated_host_gib-4.657__implementation-numpy_matmul__k-20__max_iter-20__n-5000000__profile-long_safe__repeat-3__run_id-long_safe_20260503_190133__seed-2__separation-2.0__threads-16,,4.657,,16,,,,20,2.0
long_safe_20260503_190133,2026-05-03T22:17:34+0800,linux_server_cpu,BI103202,kmeans,numba,cpu,linux_server_cpu,5000000,,10,20,,,1,69.8655990390107,49.213857556227595,2.8515843488276005,2973.3203125,,pass,inertia=4.15433e+07; rel_delta=0,long_safe,kmeans_cpu__d-10__estimated_host_gib-4.657__implementation-numba__k-20__max_iter-20__n-5000000__profile-long_safe__repeat-3__run_id-long_safe_20260503_190133__seed-1__separation-2.0__threads-16,,4.657,,16,,,,20,2.0
long_safe_20260503_190133,2026-05-03T22:18:19+0800,linux_server_cpu,BI103202,kmeans,numpy_matmul,cpu,linux_server_cpu,5000000,,10,20,,,0,115.26148766698316,78.1425052699633,26.094767038943246,3000.29296875,,pass,inertia=4.10941e+07; rel_delta=0,long_safe,kmeans_cpu__d-10__estimated_host_gib-4.657__implementation-numpy_matmul__k-20__max_iter-20__n-5000000__profile-long_safe__repeat-3__run_id-long_safe_20260503_190133__seed-0__separation-2.0__threads-16,,4.657,,16,,,,20,2.0
long_safe_20260503_190133,2026-05-03T22:18:43+0800,linux_server_cpu,BI103202,kmeans,numba,cpu,linux_server_cpu,5000000,,10,20,,,2,64.29018083307892,55.83516070712358,10.851901679532602,2971.9140625,,pass,inertia=3.93265e+07; rel_delta=0,long_safe,kmeans_cpu__d-10__estimated_host_gib-4.657__implementation-numba__k-20__max_iter-20__n-5000000__profile-long_safe__repeat-3__run_id-long_safe_20260503_190133__seed-2__separation-2.0__threads-16,,4.657,,16,,,,20,2.0
long_safe_20260503_190133,2026-05-03T22:21:08+0800,linux_server_cpu,BI103202,kmeans,numpy_matmul,cpu,linux_server_cpu,5000000,,10,50,,,1,50.10458056489006,50.78041102876887,1.321454658638686,6429.1015625,,pass,inertia=3.01381e+07; rel_delta=0,long_safe,kmeans_cpu__d-10__estimated_host_gib-10.245__implementation-numpy_matmul__k-50__max_iter-20__n-5000000__profile-long_safe__repeat-3__run_id-long_safe_20260503_190133__seed-1__separation-1.0__threads-16,,10.245,,16,,,,20,1.0
long_safe_20260503_190133,2026-05-03T22:21:18+0800,linux_server_cpu,BI103202,kmeans,numba,cpu,linux_server_cpu,5000000,,10,50,,,2,30.745047862175852,27.339656504802406,0.9517238084226847,6397.625,,pass,inertia=3.0199e+07; rel_delta=0,long_safe,kmeans_cpu__d-10__estimated_host_gib-10.245__implementation-numba__k-50__max_iter-20__n-5000000__profile-long_safe__repeat-3__run_id-long_safe_20260503_190133__seed-2__separation-1.0__threads-16,,10.245,,16,,,,20,1.0
long_safe_20260503_190133,2026-05-03T22:21:32+0800,linux_server_cpu,BI103202,kmeans,numba,cpu,linux_server_cpu,5000000,,10,50,,,0,28.335663504898548,25.84077162994072,1.3565204893238842,6396.01953125,,pass,inertia=3.74724e+07; rel_delta=0,long_safe,kmeans_cpu__d-10__estimated_host_gib-10.245__implementation-numba__k-50__max_iter-20__n-5000000__profile-long_safe__repeat-3__run_id-long_safe_20260503_190133__seed-0__separation-2.0__threads-16,,10.245,,16,,,,20,2.0
long_safe_20260503_190133,2026-05-03T22:22:22+0800,linux_server_cpu,BI103202,kmeans,numpy_matmul,cpu,linux_server_cpu,5000000,,10,50,,,0,153.1637254692614,76.88914031209424,16.924768899567425,6422.96875,,pass,inertia=3.0482e+07; rel_delta=0,long_safe,kmeans_cpu__d-10__estimated_host_gib-10.245__implementation-numpy_matmul__k-50__max_iter-20__n-5000000__profile-long_safe__repeat-3__run_id-long_safe_20260503_190133__seed-0__separation-1.0__threads-16,,10.245,,16,,,,20,1.0
long_safe_20260503_190133,2026-05-03T22:22:35+0800,linux_server_cpu,BI103202,kmeans,numpy_matmul,cpu,linux_server_cpu,5000000,,10,50,,,0,48.96886634780094,47.783858083654195,2.98528208094649,6422.99609375,,pass,inertia=3.74724e+07; rel_delta=0,long_safe,kmeans_cpu__d-10__estimated_host_gib-10.245__implementation-numpy_matmul__k-50__max_iter-20__n-5000000__profile-long_safe__repeat-3__run_id-long_safe_20260503_190133__seed-0__separation-2.0__threads-16,,10.245,,16,,,,20,2.0
long_safe_20260503_190133,2026-05-03T22:22:43+0800,linux_server_cpu,BI103202,kmeans,numba,cpu,linux_server_cpu,5000000,,10,50,,,0,75.33444112213328,56.70217081904411,5.749000620562583,6394.0625,,pass,inertia=3.0482e+07; rel_delta=0,long_safe,kmeans_cpu__d-10__estimated_host_gib-10.245__implementation-numba__k-50__max_iter-20__n-5000000__profile-long_safe__repeat-3__run_id-long_safe_20260503_190133__seed-0__separation-1.0__threads-16,,10.245,,16,,,,20,1.0
long_safe_20260503_190133,2026-05-03T22:23:09+0800,linux_server_cpu,BI103202,kmeans,numba,cpu,linux_server_cpu,5000000,,10,50,,,1,49.77742776321247,66.19492656877264,4.48862398089841,6398.64453125,,pass,inertia=3.01381e+07; rel_delta=0,long_safe,kmeans_cpu__d-10__estimated_host_gib-10.245__implementation-numba__k-50__max_iter-20__n-5000000__profile-long_safe__repeat-3__run_id-long_safe_20260503_190133__seed-1__separation-1.0__threads-16,,10.245,,16,,,,20,1.0
long_safe_20260503_190133,2026-05-03T22:25:57+0800,linux_server_cpu,BI103202,kmeans,numba,cpu,linux_server_cpu,5000000,,10,50,,,2,45.71527510276064,33.76549799973145,3.028441021684557,6393.56640625,,pass,inertia=3.6752e+07; rel_delta=0,long_safe,kmeans_cpu__d-10__estimated_host_gib-10.245__implementation-numba__k-50__max_iter-20__n-5000000__profile-long_safe__repeat-3__run_id-long_safe_20260503_190133__seed-2__separation-2.0__threads-16,,10.245,,16,,,,20,2.0
long_safe_20260503_190133,2026-05-03T22:27:34+0800,linux_server_cpu,BI103202,kmeans,numpy_matmul,cpu,linux_server_cpu,5000000,,64,5,,,1,50.29354143794626,47.361293961293995,4.430398469092324,8141.33203125,,pass,inertia=3.13655e+08; rel_delta=0,long_safe,kmeans_cpu__d-64__estimated_host_gib-6.892__implementation-numpy_matmul__k-5__max_iter-20__n-5000000__profile-long_safe__repeat-3__run_id-long_safe_20260503_190133__seed-1__separation-1.0__threads-16,,6.892,,16,,,,20,1.0
long_safe_20260503_190133,2026-05-03T22:28:33+0800,linux_server_cpu,BI103202,kmeans,numpy_matmul,cpu,linux_server_cpu,5000000,,10,50,,,2,80.75455681420863,137.5686909998767,22.526713359169662,6421.98828125,,pass,inertia=3.0199e+07; rel_delta=0,long_safe,kmeans_cpu__d-10__estimated_host_gib-10.245__implementation-numpy_matmul__k-50__max_iter-20__n-5000000__profile-long_safe__repeat-3__run_id-long_safe_20260503_190133__seed-2__separation-1.0__threads-16,,10.245,,16,,,,20,1.0
long_safe_20260503_190133,2026-05-03T22:28:54+0800,linux_server_cpu,BI103202,kmeans,numba,cpu,linux_server_cpu,5000000,,10,50,,,1,91.79312661569566,80.00249368418008,7.933552607893944,6396.81640625,,pass,inertia=3.6483e+07; rel_delta=0,long_safe,kmeans_cpu__d-10__estimated_host_gib-10.245__implementation-numba__k-50__max_iter-20__n-5000000__profile-long_safe__repeat-3__run_id-long_safe_20260503_190133__seed-1__separation-2.0__threads-16,,10.245,,16,,,,20,2.0
long_safe_20260503_190133,2026-05-03T22:30:19+0800,linux_server_cpu,BI103202,kmeans,numpy_matmul,cpu,linux_server_cpu,5000000,,10,50,,,1,181.72127788932994,69.22476510331035,14.524582026526332,6427.13671875,,pass,inertia=3.6483e+07; rel_delta=0,long_safe,kmeans_cpu__d-10__estimated_host_gib-10.245__implementation-numpy_matmul__k-50__max_iter-20__n-5000000__profile-long_safe__repeat-3__run_id-long_safe_20260503_190133__seed-1__separation-2.0__threads-16,,10.245,,16,,,,20,2.0
long_safe_20260503_190133,2026-05-03T22:30:33+0800,linux_server_cpu,BI103202,kmeans,numba,cpu,linux_server_cpu,5000000,,64,5,,,0,111.1798930419609,63.71061018714681,4.296822538133711,8112.23828125,,pass,inertia=3.14002e+08; rel_delta=0,long_safe,kmeans_cpu__d-64__estimated_host_gib-6.892__implementation-numba__k-5__max_iter-20__n-5000000__profile-long_safe__repeat-3__run_id-long_safe_20260503_190133__seed-0__separation-1.0__threads-16,,6.892,,16,,,,20,1.0
long_safe_20260503_190133,2026-05-03T22:30:54+0800,linux_server_cpu,BI103202,kmeans,numba,cpu,linux_server_cpu,5000000,,64,5,,,1,37.93877125903964,35.27953819092363,0.8182723752688617,8112.9375,,pass,inertia=3.13655e+08; rel_delta=0,long_safe,kmeans_cpu__d-64__estimated_host_gib-6.892__implementation-numba__k-5__max_iter-20__n-5000000__profile-long_safe__repeat-3__run_id-long_safe_20260503_190133__seed-1__separation-1.0__threads-16,,6.892,,16,,,,20,1.0
long_safe_20260503_190133,2026-05-03T22:31:54+0800,linux_server_cpu,BI103202,kmeans,numba,cpu,linux_server_cpu,5000000,,64,5,,,2,36.09115632297471,36.36778386682272,0.9914742826949805,8114.4453125,,pass,inertia=3.1344e+08; rel_delta=0,long_safe,kmeans_cpu__d-64__estimated_host_gib-6.892__implementation-numba__k-5__max_iter-20__n-5000000__profile-long_safe__repeat-3__run_id-long_safe_20260503_190133__seed-2__separation-1.0__threads-16,,6.892,,16,,,,20,1.0
long_safe_20260503_190133,2026-05-03T22:32:38+0800,linux_server_cpu,BI103202,kmeans,numpy_matmul,cpu,linux_server_cpu,5000000,,64,5,,,0,112.13181939395145,102.04487206088379,9.216258747503161,8139.42578125,,pass,inertia=3.14002e+08; rel_delta=0,long_safe,kmeans_cpu__d-64__estimated_host_gib-6.892__implementation-numpy_matmul__k-5__max_iter-20__n-5000000__profile-long_safe__repeat-3__run_id-long_safe_20260503_190133__seed-0__separation-1.0__threads-16,,6.892,,16,,,,20,1.0
long_safe_20260503_190133,2026-05-03T22:34:06+0800,linux_server_cpu,BI103202,kmeans,numpy_matmul,cpu,linux_server_cpu,5000000,,10,50,,,2,173.96908525098115,127.87201833492145,6.370619242778048,6428.6015625,,pass,inertia=3.6752e+07; rel_delta=0,long_safe,kmeans_cpu__d-10__estimated_host_gib-10.245__implementation-numpy_matmul__k-50__max_iter-20__n-5000000__profile-long_safe__repeat-3__run_id-long_safe_20260503_190133__seed-2__separation-2.0__threads-16,,10.245,,16,,,,20,2.0
long_safe_20260503_190133,2026-05-03T22:35:06+0800,linux_server_cpu,BI103202,kmeans,numba,cpu,linux_server_cpu,5000000,,64,5,,,0,53.854980883188546,52.18849251093343,5.954925534315407,8113.66796875,,pass,inertia=3.16921e+08; rel_delta=0,long_safe,kmeans_cpu__d-64__estimated_host_gib-6.892__implementation-numba__k-5__max_iter-20__n-5000000__profile-long_safe__repeat-3__run_id-long_safe_20260503_190133__seed-0__separation-2.0__threads-16,,6.892,,16,,,,20,2.0
long_safe_20260503_190133,2026-05-03T22:36:03+0800,linux_server_cpu,BI103202,kmeans,numpy_matmul,cpu,linux_server_cpu,5000000,,64,5,,,0,78.07082160189748,83.21307438006625,7.5685344862286,8139.00390625,,pass,inertia=3.16921e+08; rel_delta=0,long_safe,kmeans_cpu__d-64__estimated_host_gib-6.892__implementation-numpy_matmul__k-5__max_iter-20__n-5000000__profile-long_safe__repeat-3__run_id-long_safe_20260503_190133__seed-0__separation-2.0__threads-16,,6.892,,16,,,,20,2.0
long_safe_20260503_190133,2026-05-03T22:36:08+0800,linux_server_cpu,BI103202,kmeans,numpy_matmul,cpu,linux_server_cpu,5000000,,64,5,,,2,99.16131417965516,91.74733494408429,5.530770817538723,8138.765625,,pass,inertia=3.1344e+08; rel_delta=0,long_safe,kmeans_cpu__d-64__estimated_host_gib-6.892__implementation-numpy_matmul__k-5__max_iter-20__n-5000000__profile-long_safe__repeat-3__run_id-long_safe_20260503_190133__seed-2__separation-1.0__threads-16,,6.892,,16,,,,20,1.0
long_safe_20260503_190133,2026-05-03T22:36:33+0800,linux_server_cpu,BI103202,kmeans,numba,cpu,linux_server_cpu,5000000,,64,5,,,2,38.88953323895112,44.32537176180631,1.593909088987857,8115.22265625,,pass,inertia=3.16051e+08; rel_delta=0,long_safe,kmeans_cpu__d-64__estimated_host_gib-6.892__implementation-numba__k-5__max_iter-20__n-5000000__profile-long_safe__repeat-3__run_id-long_safe_20260503_190133__seed-2__separation-2.0__threads-16,,6.892,,16,,,,20,2.0
long_safe_20260503_190133,2026-05-03T22:37:20+0800,linux_server_cpu,BI103202,kmeans,numpy_matmul,cpu,linux_server_cpu,5000000,,64,5,,,2,52.281210189219564,51.50231426395476,2.290372621966526,8139.48828125,,pass,inertia=3.16051e+08; rel_delta=0,long_safe,kmeans_cpu__d-64__estimated_host_gib-6.892__implementation-numpy_matmul__k-5__max_iter-20__n-5000000__profile-long_safe__repeat-3__run_id-long_safe_20260503_190133__seed-2__separation-2.0__threads-16,,6.892,,16,,,,20,2.0
long_safe_20260503_190133,2026-05-03T22:39:10+0800,linux_server_cpu,BI103202,kmeans,numpy_matmul,cpu,linux_server_cpu,5000000,,64,20,,,0,60.31505858898163,54.377543481998146,2.6833064204547554,8724.84375,,pass,inertia=3.05976e+08; rel_delta=0,long_safe,kmeans_cpu__d-64__estimated_host_gib-9.686__implementation-numpy_matmul__k-20__max_iter-20__n-5000000__profile-long_safe__repeat-3__run_id-long_safe_20260503_190133__seed-0__separation-1.0__threads-16,,9.686,,16,,,,20,1.0
long_safe_20260503_190133,2026-05-03T22:39:29+0800,linux_server_cpu,BI103202,kmeans,numpy_matmul,cpu,linux_server_cpu,5000000,,64,5,,,1,112.75766369281337,117.50760639365762,10.93541859369725,8139.84375,,pass,inertia=3.16764e+08; rel_delta=0,long_safe,kmeans_cpu__d-64__estimated_host_gib-6.892__implementation-numpy_matmul__k-5__max_iter-20__n-5000000__profile-long_safe__repeat-3__run_id-long_safe_20260503_190133__seed-1__separation-2.0__threads-16,,6.892,,16,,,,20,2.0
long_safe_20260503_190133,2026-05-03T22:40:35+0800,linux_server_cpu,BI103202,kmeans,numba,cpu,linux_server_cpu,5000000,,64,5,,,1,100.6499519366771,112.06790680717677,8.833208588184789,8115.2265625,,pass,inertia=3.16764e+08; rel_delta=0,long_safe,kmeans_cpu__d-64__estimated_host_gib-6.892__implementation-numba__k-5__max_iter-20__n-5000000__profile-long_safe__repeat-3__run_id-long_safe_20260503_190133__seed-1__separation-2.0__threads-16,,6.892,,16,,,,20,2.0
long_safe_20260503_190133,2026-05-03T22:44:10+0800,linux_server_cpu,BI103202,kmeans,numba,cpu,linux_server_cpu,5000000,,64,20,,,0,53.27580826589838,48.37240302423015,2.2083351369947195,8693.85546875,,pass,inertia=3.12475e+08; rel_delta=0,long_safe,kmeans_cpu__d-64__estimated_host_gib-9.686__implementation-numba__k-20__max_iter-20__n-5000000__profile-long_safe__repeat-3__run_id-long_safe_20260503_190133__seed-0__separation-2.0__threads-16,,9.686,,16,,,,20,2.0
long_safe_20260503_190133,2026-05-03T22:44:55+0800,linux_server_cpu,BI103202,kmeans,numba,cpu,linux_server_cpu,5000000,,64,20,,,1,92.75936440611258,96.20397404488176,0.8864044507499784,8682.890625,,pass,inertia=3.0549e+08; rel_delta=0,long_safe,kmeans_cpu__d-64__estimated_host_gib-9.686__implementation-numba__k-20__max_iter-20__n-5000000__profile-long_safe__repeat-3__run_id-long_safe_20260503_190133__seed-1__separation-1.0__threads-16,,9.686,,16,,,,20,1.0
long_safe_20260503_190133,2026-05-03T22:45:36+0800,linux_server_cpu,BI103202,kmeans,numpy_matmul,cpu,linux_server_cpu,5000000,,64,20,,,1,99.73259910801426,122.83792166598141,7.076445156475529,8710.53515625,,pass,inertia=3.0549e+08; rel_delta=0,long_safe,kmeans_cpu__d-64__estimated_host_gib-9.686__implementation-numpy_matmul__k-20__max_iter-20__n-5000000__profile-long_safe__repeat-3__run_id-long_safe_20260503_190133__seed-1__separation-1.0__threads-16,,9.686,,16,,,,20,1.0
long_safe_20260503_190133,2026-05-03T22:46:08+0800,linux_server_cpu,BI103202,kmeans,numpy_matmul,cpu,linux_server_cpu,5000000,,64,20,,,1,61.894589739851654,64.45827250974253,2.2518042223528028,8712.08984375,,pass,inertia=3.1193e+08; rel_delta=0,long_safe,kmeans_cpu__d-64__estimated_host_gib-9.686__implementation-numpy_matmul__k-20__max_iter-20__n-5000000__profile-long_safe__repeat-3__run_id-long_safe_20260503_190133__seed-1__separation-2.0__threads-16,,9.686,,16,,,,20,2.0
long_safe_20260503_190133,2026-05-03T22:46:42+0800,linux_server_cpu,BI103202,kmeans,numba,cpu,linux_server_cpu,5000000,,64,20,,,0,120.91214974597096,119.62454571807757,8.529068547300994,8694.34765625,,pass,inertia=3.05976e+08; rel_delta=0,long_safe,kmeans_cpu__d-64__estimated_host_gib-9.686__implementation-numba__k-20__max_iter-20__n-5000000__profile-long_safe__repeat-3__run_id-long_safe_20260503_190133__seed-0__separation-1.0__threads-16,,9.686,,16,,,,20,1.0
long_safe_20260503_190133,2026-05-03T22:47:57+0800,linux_server_cpu,BI103202,kmeans,numba,cpu,linux_server_cpu,5000000,,64,20,,,2,136.47035588184372,117.40861983690411,5.481565792346373,8682.10546875,,pass,inertia=3.05554e+08; rel_delta=0,long_safe,kmeans_cpu__d-64__estimated_host_gib-9.686__implementation-numba__k-20__max_iter-20__n-5000000__profile-long_safe__repeat-3__run_id-long_safe_20260503_190133__seed-2__separation-1.0__threads-16,,9.686,,16,,,,20,1.0
long_safe_20260503_190133,2026-05-03T22:48:42+0800,linux_server_cpu,BI103202,kmeans,numpy_matmul,cpu,linux_server_cpu,5000000,,64,20,,,2,120.69356893096119,168.08603165019304,23.833565648412332,8726.46484375,,pass,inertia=3.05554e+08; rel_delta=0,long_safe,kmeans_cpu__d-64__estimated_host_gib-9.686__implementation-numpy_matmul__k-20__max_iter-20__n-5000000__profile-long_safe__repeat-3__run_id-long_safe_20260503_190133__seed-2__separation-1.0__threads-16,,9.686,,16,,,,20,1.0
long_safe_20260503_190133,2026-05-03T22:49:59+0800,linux_server_cpu,BI103202,kmeans,numpy_matmul,cpu,linux_server_cpu,5000000,,64,20,,,0,165.42945281602442,101.45675001014024,32.13867878797464,8723.05078125,,pass,inertia=3.12475e+08; rel_delta=0,long_safe,kmeans_cpu__d-64__estimated_host_gib-9.686__implementation-numpy_matmul__k-20__max_iter-20__n-5000000__profile-long_safe__repeat-3__run_id-long_safe_20260503_190133__seed-0__separation-2.0__threads-16,,9.686,,16,,,,20,2.0
long_safe_20260503_190133,2026-05-03T22:52:20+0800,linux_server_cpu,BI103202,kmeans,numba,cpu,linux_server_cpu,5000000,,64,50,,,0,64.02286460576579,61.82434112112969,0.8185771894641221,9844.9609375,,pass,inertia=2.9873e+08; rel_delta=0,long_safe,kmeans_cpu__d-64__estimated_host_gib-15.274__implementation-numba__k-50__max_iter-20__n-5000000__profile-long_safe__repeat-3__run_id-long_safe_20260503_190133__seed-0__separation-1.0__threads-16,,15.274,,16,,,,20,1.0
long_safe_20260503_190133,2026-05-03T22:52:59+0800,linux_server_cpu,BI103202,kmeans,numba,cpu,linux_server_cpu,5000000,,64,20,,,1,91.94616972189397,121.56313166301697,29.121691331034526,8683.63671875,,pass,inertia=3.1193e+08; rel_delta=0,long_safe,kmeans_cpu__d-64__estimated_host_gib-9.686__implementation-numba__k-20__max_iter-20__n-5000000__profile-long_safe__repeat-3__run_id-long_safe_20260503_190133__seed-1__separation-2.0__threads-16,,9.686,,16,,,,20,2.0
long_safe_20260503_190133,2026-05-03T22:53:18+0800,linux_server_cpu,BI103202,kmeans,numpy_matmul,cpu,linux_server_cpu,5000000,,64,20,,,2,87.5478063900955,91.0737530188635,5.208469764329493,8726.51171875,,pass,inertia=3.12058e+08; rel_delta=0,long_safe,kmeans_cpu__d-64__estimated_host_gib-9.686__implementation-numpy_matmul__k-20__max_iter-20__n-5000000__profile-long_safe__repeat-3__run_id-long_safe_20260503_190133__seed-2__separation-2.0__threads-16,,9.686,,16,,,,20,2.0
long_safe_20260503_190133,2026-05-03T22:54:10+0800,linux_server_cpu,BI103202,kmeans,numba,cpu,linux_server_cpu,5000000,,64,20,,,2,82.06927764602005,118.50032570119947,15.522916885092854,8700.87890625,,pass,inertia=3.12058e+08; rel_delta=0,long_safe,kmeans_cpu__d-64__estimated_host_gib-9.686__implementation-numba__k-20__max_iter-20__n-5000000__profile-long_safe__repeat-3__run_id-long_safe_20260503_190133__seed-2__separation-2.0__threads-16,,9.686,,16,,,,20,2.0
long_safe_20260503_190133,2026-05-03T22:58:32+0800,linux_server_cpu,BI103202,kmeans,numba,cpu,linux_server_cpu,5000000,,64,50,,,2,66.74909224221483,67.97061319509521,3.860190227627754,9846.1015625,,pass,inertia=2.98555e+08; rel_delta=0,long_safe,kmeans_cpu__d-64__estimated_host_gib-15.274__implementation-numba__k-50__max_iter-20__n-5000000__profile-long_safe__repeat-3__run_id-long_safe_20260503_190133__seed-2__separation-1.0__threads-16,,15.274,,16,,,,20,1.0
long_safe_20260503_190133,2026-05-03T22:59:38+0800,linux_server_cpu,BI103202,kmeans,numpy_matmul,cpu,linux_server_cpu,5000000,,64,50,,,0,74.80945269484073,75.7324741971679,1.15324561111629,9875.65625,,pass,inertia=3.08784e+08; rel_delta=0,long_safe,kmeans_cpu__d-64__estimated_host_gib-15.274__implementation-numpy_matmul__k-50__max_iter-20__n-5000000__profile-long_safe__repeat-3__run_id-long_safe_20260503_190133__seed-0__separation-2.0__threads-16,,15.274,,16,,,,20,2.0
long_safe_20260503_190133,2026-05-03T23:02:20+0800,linux_server_cpu,BI103202,kmeans,numpy_matmul,cpu,linux_server_cpu,5000000,,64,50,,,0,122.94363982835785,250.1662718928419,54.95566014596261,9873.73828125,,pass,inertia=2.9873e+08; rel_delta=0,long_safe,kmeans_cpu__d-64__estimated_host_gib-15.274__implementation-numpy_matmul__k-50__max_iter-20__n-5000000__profile-long_safe__repeat-3__run_id-long_safe_20260503_190133__seed-0__separation-1.0__threads-16,,15.274,,16,,,,20,1.0
long_safe_20260503_190133,2026-05-03T23:02:24+0800,linux_server_cpu,BI103202,kmeans,numba,cpu,linux_server_cpu,5000000,,64,50,,,0,117.31956751272082,97.24693723022938,13.072089943103492,9845.390625,,pass,inertia=3.08784e+08; rel_delta=0,long_safe,kmeans_cpu__d-64__estimated_host_gib-15.274__implementation-numba__k-50__max_iter-20__n-5000000__profile-long_safe__repeat-3__run_id-long_safe_20260503_190133__seed-0__separation-2.0__threads-16,,15.274,,16,,,,20,2.0
long_safe_20260503_190133,2026-05-03T23:02:32+0800,linux_server_cpu,BI103202,kmeans,numpy_matmul,cpu,linux_server_cpu,5000000,,64,50,,,1,119.26191980391741,199.31311867805198,59.622799396980554,9875.33203125,,pass,inertia=2.98466e+08; rel_delta=0,long_safe,kmeans_cpu__d-64__estimated_host_gib-15.274__implementation-numpy_matmul__k-50__max_iter-20__n-5000000__profile-long_safe__repeat-3__run_id-long_safe_20260503_190133__seed-1__separation-1.0__threads-16,,15.274,,16,,,,20,1.0
long_safe_20260503_190133,2026-05-03T23:03:34+0800,linux_server_cpu,BI103202,kmeans,numba,cpu,linux_server_cpu,5000000,,64,50,,,1,165.4626784217544,150.32428401801735,3.737023067427799,9848.96484375,,pass,inertia=2.98466e+08; rel_delta=0,long_safe,kmeans_cpu__d-64__estimated_host_gib-15.274__implementation-numba__k-50__max_iter-20__n-5000000__profile-long_safe__repeat-3__run_id-long_safe_20260503_190133__seed-1__separation-1.0__threads-16,,15.274,,16,,,,20,1.0
long_safe_20260503_190133,2026-05-03T23:07:26+0800,linux_server_cpu,BI103202,kmeans,numpy_matmul,cpu,linux_server_cpu,5000000,,64,50,,,2,203.06392781855538,217.6731468308717,11.878532162168995,9874.25390625,,pass,inertia=2.98555e+08; rel_delta=0,long_safe,kmeans_cpu__d-64__estimated_host_gib-15.274__implementation-numpy_matmul__k-50__max_iter-20__n-5000000__profile-long_safe__repeat-3__run_id-long_safe_20260503_190133__seed-2__separation-1.0__threads-16,,15.274,,16,,,,20,1.0
long_safe_20260503_190133,2026-05-03T23:09:32+0800,linux_server_cpu,BI103202,kmeans,numba,cpu,linux_server_cpu,5000000,,64,50,,,1,122.46157018793747,97.69354181690142,16.165180383482948,9848.41796875,,pass,inertia=3.08321e+08; rel_delta=0,long_safe,kmeans_cpu__d-64__estimated_host_gib-15.274__implementation-numba__k-50__max_iter-20__n-5000000__profile-long_safe__repeat-3__run_id-long_safe_20260503_190133__seed-1__separation-2.0__threads-16,,15.274,,16,,,,20,2.0
long_safe_20260503_190133,2026-05-03T23:10:54+0800,linux_server_cpu,BI103202,kmeans,numpy_matmul,cpu,linux_server_cpu,5000000,,64,50,,,1,233.75845101010054,199.46138960076496,33.46307609300129,9874.72265625,,pass,inertia=3.08321e+08; rel_delta=0,long_safe,kmeans_cpu__d-64__estimated_host_gib-15.274__implementation-numpy_matmul__k-50__max_iter-20__n-5000000__profile-long_safe__repeat-3__run_id-long_safe_20260503_190133__seed-1__separation-2.0__threads-16,,15.274,,16,,,,20,2.0
long_safe_20260503_190133,2026-05-03T23:11:56+0800,linux_server_cpu,BI103202,kmeans,numpy_matmul,cpu,linux_server_cpu,5000000,,64,50,,,2,120.96868313103914,132.33892463799566,14.247161933453754,9875.3671875,,pass,inertia=3.08659e+08; rel_delta=0,long_safe,kmeans_cpu__d-64__estimated_host_gib-15.274__implementation-numpy_matmul__k-50__max_iter-20__n-5000000__profile-long_safe__repeat-3__run_id-long_safe_20260503_190133__seed-2__separation-2.0__threads-16,,15.274,,16,,,,20,2.0
long_safe_20260503_190133,2026-05-03T23:14:59+0800,linux_server_cpu,BI103202,kmeans,numba,cpu,linux_server_cpu,5000000,,64,50,,,2,136.1769567229785,174.07720273872837,41.257173471618444,9845.38671875,,pass,inertia=3.08659e+08; rel_delta=0,long_safe,kmeans_cpu__d-64__estimated_host_gib-15.274__implementation-numba__k-50__max_iter-20__n-5000000__profile-long_safe__repeat-3__run_id-long_safe_20260503_190133__seed-2__separation-2.0__threads-16,,15.274,,16,,,,20,2.0
long_safe_20260503_190133,2026-05-03T23:21:44+0800,linux_server_cpu,BI103202,kmeans,numba,cpu,linux_server_cpu,5000000,,256,5,,,1,134.16341998800635,176.52139184391126,7.7038043981883675,31075.6875,,pass,inertia=1.27395e+09; rel_delta=0,long_safe,kmeans_cpu__d-256__estimated_host_gib-24.773__implementation-numba__k-5__max_iter-20__n-5000000__profile-long_safe__repeat-3__run_id-long_safe_20260503_190133__seed-1__separation-1.0__threads-16,,24.773,,16,,,,20,1.0
long_safe_20260503_190133,2026-05-03T23:25:07+0800,linux_server_cpu,BI103202,kmeans,numpy_matmul,cpu,linux_server_cpu,5000000,,256,5,,,2,194.3455442013219,175.86923464015126,15.398174055153504,31103.9609375,,pass,inertia=1.27387e+09; rel_delta=0,long_safe,kmeans_cpu__d-256__estimated_host_gib-24.773__implementation-numpy_matmul__k-5__max_iter-20__n-5000000__profile-long_safe__repeat-3__run_id-long_safe_20260503_190133__seed-2__separation-1.0__threads-16,,24.773,,16,,,,20,1.0
long_safe_20260503_190133,2026-05-03T23:34:17+0800,linux_server_cpu,BI103202,kmeans,numba,cpu,linux_server_cpu,5000000,,256,5,,,0,293.3335848939605,438.32517555961385,69.3012960285414,31075.49609375,,pass,inertia=1.27444e+09; rel_delta=0,long_safe,kmeans_cpu__d-256__estimated_host_gib-24.773__implementation-numba__k-5__max_iter-20__n-5000000__profile-long_safe__repeat-3__run_id-long_safe_20260503_190133__seed-0__separation-1.0__threads-16,,24.773,,16,,,,20,1.0
long_safe_20260503_190133,2026-05-03T23:34:35+0800,linux_server_cpu,BI103202,kmeans,numpy_matmul,cpu,linux_server_cpu,5000000,,256,5,,,1,216.8242453490384,442.85215248866007,84.11573684564792,31108.2578125,,pass,inertia=1.27395e+09; rel_delta=0,long_safe,kmeans_cpu__d-256__estimated_host_gib-24.773__implementation-numpy_matmul__k-5__max_iter-20__n-5000000__profile-long_safe__repeat-3__run_id-long_safe_20260503_190133__seed-1__separation-1.0__threads-16,,24.773,,16,,,,20,1.0
long_safe_20260503_190133,2026-05-03T23:36:10+0800,linux_server_cpu,BI103202,kmeans,numpy_matmul,cpu,linux_server_cpu,5000000,,256,5,,,0,382.2822030130774,401.68526135990396,38.43520159134641,31101.91015625,,pass,inertia=1.27444e+09; rel_delta=0,long_safe,kmeans_cpu__d-256__estimated_host_gib-24.773__implementation-numpy_matmul__k-5__max_iter-20__n-5000000__profile-long_safe__repeat-3__run_id-long_safe_20260503_190133__seed-0__separation-1.0__threads-16,,24.773,,16,,,,20,1.0
long_safe_20260503_190133,2026-05-03T23:38:17+0800,linux_server_cpu,BI103202,kmeans,numpy_matmul,cpu,linux_server_cpu,5000000,,256,5,,,1,146.18345671286806,146.3903225529939,6.249678373569623,31107.30859375,,pass,inertia=1.27679e+09; rel_delta=0,long_safe,kmeans_cpu__d-256__estimated_host_gib-24.773__implementation-numpy_matmul__k-5__max_iter-20__n-5000000__profile-long_safe__repeat-3__run_id-long_safe_20260503_190133__seed-1__separation-2.0__threads-16,,24.773,,16,,,,20,2.0
long_safe_20260503_190133,2026-05-03T23:42:03+0800,linux_server_cpu,BI103202,kmeans,numba,cpu,linux_server_cpu,5000000,,256,5,,,2,435.6900817649439,352.7009057421237,14.522285116137937,31077.734375,,pass,inertia=1.27387e+09; rel_delta=0,long_safe,kmeans_cpu__d-256__estimated_host_gib-24.773__implementation-numba__k-5__max_iter-20__n-5000000__profile-long_safe__repeat-3__run_id-long_safe_20260503_190133__seed-2__separation-1.0__threads-16,,24.773,,16,,,,20,1.0
long_safe_20260503_190133,2026-05-03T23:47:46+0800,linux_server_cpu,BI103202,kmeans,numpy_matmul,cpu,linux_server_cpu,5000000,,256,5,,,0,453.5377910598181,407.0818607052788,41.81305480445735,31102.16015625,,pass,inertia=1.27719e+09; rel_delta=0,long_safe,kmeans_cpu__d-256__estimated_host_gib-24.773__implementation-numpy_matmul__k-5__max_iter-20__n-5000000__profile-long_safe__repeat-3__run_id-long_safe_20260503_190133__seed-0__separation-2.0__threads-16,,24.773,,16,,,,20,2.0
long_safe_20260503_190133,2026-05-03T23:54:08+0800,linux_server_cpu,BI103202,kmeans,numba,cpu,linux_server_cpu,5000000,,256,5,,,0,334.4726764112711,332.4122447599657,115.97136853192933,31075.4765625,,pass,inertia=1.27719e+09; rel_delta=0,long_safe,kmeans_cpu__d-256__estimated_host_gib-24.773__implementation-numba__k-5__max_iter-20__n-5000000__profile-long_safe__repeat-3__run_id-long_safe_20260503_190133__seed-0__separation-2.0__threads-16,,24.773,,16,,,,20,2.0
long_safe_20260503_190133,2026-05-03T23:54:35+0800,linux_server_cpu,BI103202,kmeans,numba,cpu,linux_server_cpu,5000000,,256,5,,,1,317.63040329609066,332.7836821032688,87.79255614406429,31077.30078125,,pass,inertia=1.27679e+09; rel_delta=0,long_safe,kmeans_cpu__d-256__estimated_host_gib-24.773__implementation-numba__k-5__max_iter-20__n-5000000__profile-long_safe__repeat-3__run_id-long_safe_20260503_190133__seed-1__separation-2.0__threads-16,,24.773,,16,,,,20,2.0
long_safe_20260503_190133,2026-05-04T00:00:35+0800,linux_server_cpu,BI103202,kmeans,numpy_matmul,cpu,linux_server_cpu,5000000,,256,20,,,0,372.74622998805717,176.56732220808044,13.60639203642495,31668.7734375,,pass,inertia=1.26596e+09; rel_delta=0,long_safe,kmeans_cpu__d-256__estimated_host_gib-27.567__implementation-numpy_matmul__k-20__max_iter-20__n-5000000__profile-long_safe__repeat-3__run_id-long_safe_20260503_190133__seed-0__separation-1.0__threads-16,,27.567,,16,,,,20,1.0
long_safe_20260503_190133,2026-05-04T00:03:09+0800,linux_server_cpu,BI103202,kmeans,numpy_matmul,cpu,linux_server_cpu,5000000,,256,20,,,1,162.57940279413015,187.75902620283887,4.1972711137495935,31691.953125,,pass,inertia=1.26586e+09; rel_delta=0,long_safe,kmeans_cpu__d-256__estimated_host_gib-27.567__implementation-numpy_matmul__k-20__max_iter-20__n-5000000__profile-long_safe__repeat-3__run_id-long_safe_20260503_190133__seed-1__separation-1.0__threads-16,,27.567,,16,,,,20,1.0
long_safe_20260503_190133,2026-05-04T00:03:48+0800,linux_server_cpu,BI103202,kmeans,numpy_matmul,cpu,linux_server_cpu,5000000,,256,5,,,2,316.1267874049954,332.4297270467505,58.44887503213249,31103.0546875,,pass,inertia=1.27683e+09; rel_delta=0,long_safe,kmeans_cpu__d-256__estimated_host_gib-24.773__implementation-numpy_matmul__k-5__max_iter-20__n-5000000__profile-long_safe__repeat-3__run_id-long_safe_20260503_190133__seed-2__separation-2.0__threads-16,,24.773,,16,,,,20,2.0
long_safe_20260503_190133,2026-05-04T00:05:35+0800,linux_server_cpu,BI103202,kmeans,numba,cpu,linux_server_cpu,5000000,,256,20,,,1,161.74296199018136,206.9893889366649,10.183243903098628,31656.82421875,,pass,inertia=1.26586e+09; rel_delta=0,long_safe,kmeans_cpu__d-256__estimated_host_gib-27.567__implementation-numba__k-20__max_iter-20__n-5000000__profile-long_safe__repeat-3__run_id-long_safe_20260503_190133__seed-1__separation-1.0__threads-16,,27.567,,16,,,,20,1.0
long_safe_20260503_190133,2026-05-04T00:05:39+0800,linux_server_cpu,BI103202,kmeans,numba,cpu,linux_server_cpu,5000000,,256,5,,,2,351.047667787876,369.63168226601556,90.68247051676735,31077.625,,pass,inertia=1.27683e+09; rel_delta=0,long_safe,kmeans_cpu__d-256__estimated_host_gib-24.773__implementation-numba__k-5__max_iter-20__n-5000000__profile-long_safe__repeat-3__run_id-long_safe_20260503_190133__seed-2__separation-2.0__threads-16,,24.773,,16,,,,20,2.0
long_safe_20260503_190133,2026-05-04T00:18:06+0800,linux_server_cpu,BI103202,kmeans,numba,cpu,linux_server_cpu,5000000,,256,20,,,0,435.0452116909437,317.97629873780534,48.24924304150045,31638.9765625,,pass,inertia=1.26596e+09; rel_delta=0,long_safe,kmeans_cpu__d-256__estimated_host_gib-27.567__implementation-numba__k-20__max_iter-20__n-5000000__profile-long_safe__repeat-3__run_id-long_safe_20260503_190133__seed-0__separation-1.0__threads-16,,27.567,,16,,,,20,1.0
long_safe_20260503_190133,2026-05-04T00:21:06+0800,linux_server_cpu,BI103202,kmeans,numpy_matmul,cpu,linux_server_cpu,5000000,,256,20,,,0,187.7795144263655,195.53421174781397,11.325067829107866,31668.2734375,,pass,inertia=1.27243e+09; rel_delta=0,long_safe,kmeans_cpu__d-256__estimated_host_gib-27.567__implementation-numpy_matmul__k-20__max_iter-20__n-5000000__profile-long_safe__repeat-3__run_id-long_safe_20260503_190133__seed-0__separation-2.0__threads-16,,27.567,,16,,,,20,2.0
long_safe_20260503_190133,2026-05-04T00:21:15+0800,linux_server_cpu,BI103202,kmeans,numpy_matmul,cpu,linux_server_cpu,5000000,,256,20,,,2,267.80331479990855,240.50636412901804,71.67310331901535,31688.359375,,pass,inertia=1.26587e+09; rel_delta=0,long_safe,kmeans_cpu__d-256__estimated_host_gib-27.567__implementation-numpy_matmul__k-20__max_iter-20__n-5000000__profile-long_safe__repeat-3__run_id-long_safe_20260503_190133__seed-2__separation-1.0__threads-16,,27.567,,16,,,,20,1.0
long_safe_20260503_190133,2026-05-04T00:22:17+0800,linux_server_cpu,BI103202,kmeans,numba,cpu,linux_server_cpu,5000000,,256,20,,,1,179.1673079188913,196.3331146868877,18.123615798540413,31655.01171875,,pass,inertia=1.27272e+09; rel_delta=0,long_safe,kmeans_cpu__d-256__estimated_host_gib-27.567__implementation-numba__k-20__max_iter-20__n-5000000__profile-long_safe__repeat-3__run_id-long_safe_20260503_190133__seed-1__separation-2.0__threads-16,,27.567,,16,,,,20,2.0
long_safe_20260503_190133,2026-05-04T00:23:18+0800,linux_server_cpu,BI103202,kmeans,numpy_matmul,cpu,linux_server_cpu,5000000,,256,20,,,2,161.57490137498826,175.5891152471304,27.74469583085738,31686.1640625,,pass,inertia=1.27279e+09; rel_delta=0,long_safe,kmeans_cpu__d-256__estimated_host_gib-27.567__implementation-numpy_matmul__k-20__max_iter-20__n-5000000__profile-long_safe__repeat-3__run_id-long_safe_20260503_190133__seed-2__separation-2.0__threads-16,,27.567,,16,,,,20,2.0
long_safe_20260503_190133,2026-05-04T00:23:48+0800,linux_server_cpu,BI103202,kmeans,numba,cpu,linux_server_cpu,5000000,,256,20,,,2,423.7519914493896,311.3914378900081,17.53864381997846,31649.109375,,pass,inertia=1.26587e+09; rel_delta=0,long_safe,kmeans_cpu__d-256__estimated_host_gib-27.567__implementation-numba__k-20__max_iter-20__n-5000000__profile-long_safe__repeat-3__run_id-long_safe_20260503_190133__seed-2__separation-1.0__threads-16,,27.567,,16,,,,20,1.0
long_safe_20260503_190133,2026-05-04T00:28:50+0800,linux_server_cpu,BI103202,kmeans,numba,cpu,linux_server_cpu,5000000,,256,20,,,0,219.28651346405968,307.0637535331771,114.05768049741164,31638.9765625,,pass,inertia=1.27243e+09; rel_delta=0,long_safe,kmeans_cpu__d-256__estimated_host_gib-27.567__implementation-numba__k-20__max_iter-20__n-5000000__profile-long_safe__repeat-3__run_id-long_safe_20260503_190133__seed-0__separation-2.0__threads-16,,27.567,,16,,,,20,2.0
long_safe_20260503_190133,2026-05-04T00:33:13+0800,linux_server_cpu,BI103202,kmeans,numpy_matmul,cpu,linux_server_cpu,5000000,,256,20,,,1,216.77612949628383,348.3531925510615,29.565278681460768,31693.1171875,,pass,inertia=1.27272e+09; rel_delta=0,long_safe,kmeans_cpu__d-256__estimated_host_gib-27.567__implementation-numpy_matmul__k-20__max_iter-20__n-5000000__profile-long_safe__repeat-3__run_id-long_safe_20260503_190133__seed-1__separation-2.0__threads-16,,27.567,,16,,,,20,2.0
long_safe_20260503_190133,2026-05-04T00:39:40+0800,linux_server_cpu,BI103202,kmeans,numpy_matmul,cpu,linux_server_cpu,5000000,,256,50,,,1,193.7308569806628,207.3656837339513,16.757842225953937,32834.64453125,,pass,inertia=1.2586e+09; rel_delta=0,long_safe,kmeans_cpu__d-256__estimated_host_gib-33.155__implementation-numpy_matmul__k-50__max_iter-20__n-5000000__profile-long_safe__repeat-3__run_id-long_safe_20260503_190133__seed-1__separation-1.0__threads-16,,33.155,,16,,,,20,1.0
long_safe_20260503_190133,2026-05-04T00:47:25+0800,linux_server_cpu,BI103202,kmeans,numba,cpu,linux_server_cpu,5000000,,256,20,,,2,334.1772335139103,253.32179900677875,99.79574510082603,31650.0,,pass,inertia=1.27279e+09; rel_delta=0,long_safe,kmeans_cpu__d-256__estimated_host_gib-27.567__implementation-numba__k-20__max_iter-20__n-5000000__profile-long_safe__repeat-3__run_id-long_safe_20260503_190133__seed-2__separation-2.0__threads-16,,27.567,,16,,,,20,2.0
long_safe_20260503_190133,2026-05-04T00:49:52+0800,linux_server_cpu,BI103202,kmeans,numba,cpu,linux_server_cpu,5000000,,256,50,,,2,296.42850623326376,213.7271234500222,38.088187182554975,32811.88671875,,pass,inertia=1.25856e+09; rel_delta=0,long_safe,kmeans_cpu__d-256__estimated_host_gib-33.155__implementation-numba__k-50__max_iter-20__n-5000000__profile-long_safe__repeat-3__run_id-long_safe_20260503_190133__seed-2__separation-1.0__threads-16,,33.155,,16,,,,20,1.0
long_safe_20260503_190133,2026-05-04T00:50:01+0800,linux_server_cpu,BI103202,kmeans,numba,cpu,linux_server_cpu,5000000,,256,50,,,0,363.9335791938938,265.9398339567706,126.27422020933591,32812.265625,,pass,inertia=1.25873e+09; rel_delta=0,long_safe,kmeans_cpu__d-256__estimated_host_gib-33.155__implementation-numba__k-50__max_iter-20__n-5000000__profile-long_safe__repeat-3__run_id-long_safe_20260503_190133__seed-0__separation-1.0__threads-16,,33.155,,16,,,,20,1.0
long_safe_20260503_190133,2026-05-04T00:53:59+0800,linux_server_cpu,BI103202,kmeans,numba,cpu,linux_server_cpu,5000000,,256,50,,,1,452.23856762610376,317.87674803379923,103.19502509455197,32807.6640625,,pass,inertia=1.2586e+09; rel_delta=0,long_safe,kmeans_cpu__d-256__estimated_host_gib-33.155__implementation-numba__k-50__max_iter-20__n-5000000__profile-long_safe__repeat-3__run_id-long_safe_20260503_190133__seed-1__separation-1.0__threads-16,,33.155,,16,,,,20,1.0
long_safe_20260503_190133,2026-05-04T00:54:32+0800,linux_server_cpu,BI103202,kmeans,numpy_matmul,cpu,linux_server_cpu,5000000,,256,50,,,0,372.1113277710974,437.14135247003287,110.3068242110312,32836.1328125,,pass,inertia=1.25873e+09; rel_delta=0,long_safe,kmeans_cpu__d-256__estimated_host_gib-33.155__implementation-numpy_matmul__k-50__max_iter-20__n-5000000__profile-long_safe__repeat-3__run_id-long_safe_20260503_190133__seed-0__separation-1.0__threads-16,,33.155,,16,,,,20,1.0
long_safe_20260503_190133,2026-05-04T00:57:45+0800,linux_server_cpu,BI103202,kmeans,numba,cpu,linux_server_cpu,5000000,,256,50,,,0,207.21746715391055,203.24506920203567,2.9739101009909064,32810.36328125,,pass,inertia=1.27028e+09; rel_delta=0,long_safe,kmeans_cpu__d-256__estimated_host_gib-33.155__implementation-numba__k-50__max_iter-20__n-5000000__profile-long_safe__repeat-3__run_id-long_safe_20260503_190133__seed-0__separation-2.0__threads-16,,33.155,,16,,,,20,2.0
long_safe_20260503_190133,2026-05-04T00:59:45+0800,linux_server_cpu,BI103202,kmeans,numpy_matmul,cpu,linux_server_cpu,5000000,,256,50,,,2,454.56878483714536,435.2601773678325,15.290732741123065,32833.1015625,,pass,inertia=1.25856e+09; rel_delta=0,long_safe,kmeans_cpu__d-256__estimated_host_gib-33.155__implementation-numpy_matmul__k-50__max_iter-20__n-5000000__profile-long_safe__repeat-3__run_id-long_safe_20260503_190133__seed-2__separation-1.0__threads-16,,33.155,,16,,,,20,1.0
long_safe_20260503_190133,2026-05-04T01:08:58+0800,linux_server_cpu,BI103202,kmeans,numpy_matmul,cpu,linux_server_cpu,5000000,,256,50,,,0,373.29842280596495,302.2336601438001,31.72599577740766,32835.74609375,,pass,inertia=1.27028e+09; rel_delta=0,long_safe,kmeans_cpu__d-256__estimated_host_gib-33.155__implementation-numpy_matmul__k-50__max_iter-20__n-5000000__profile-long_safe__repeat-3__run_id-long_safe_20260503_190133__seed-0__separation-2.0__threads-16,,33.155,,16,,,,20,2.0
long_safe_20260503_190133,2026-05-04T01:12:27+0800,linux_server_cpu,BI103202,kmeans,numpy_matmul,cpu,linux_server_cpu,5000000,,256,50,,,1,248.91011171601713,279.96216113725677,33.18938062293455,32837.84375,,pass,inertia=1.27048e+09; rel_delta=0,long_safe,kmeans_cpu__d-256__estimated_host_gib-33.155__implementation-numpy_matmul__k-50__max_iter-20__n-5000000__profile-long_safe__repeat-3__run_id-long_safe_20260503_190133__seed-1__separation-2.0__threads-16,,33.155,,16,,,,20,2.0
long_safe_20260503_190133,2026-05-04T01:13:53+0800,linux_server_cpu,BI103202,kmeans,numba,cpu,linux_server_cpu,5000000,,256,50,,,1,390.97111328924075,238.25054462626576,8.65794723504223,32808.23046875,,pass,inertia=1.27048e+09; rel_delta=0,long_safe,kmeans_cpu__d-256__estimated_host_gib-33.155__implementation-numba__k-50__max_iter-20__n-5000000__profile-long_safe__repeat-3__run_id-long_safe_20260503_190133__seed-1__separation-2.0__threads-16,,33.155,,16,,,,20,2.0
long_safe_20260503_190133,2026-05-04T01:21:06+0800,linux_server_cpu,BI103202,kmeans,numpy_matmul,cpu,linux_server_cpu,5000000,,256,50,,,2,374.34711217461154,353.22840520367026,55.512262414442375,32832.7421875,,pass,inertia=1.27036e+09; rel_delta=0,long_safe,kmeans_cpu__d-256__estimated_host_gib-33.155__implementation-numpy_matmul__k-50__max_iter-20__n-5000000__profile-long_safe__repeat-3__run_id-long_safe_20260503_190133__seed-2__separation-2.0__threads-16,,33.155,,16,,,,20,2.0
long_safe_20260503_190133,2026-05-04T01:22:22+0800,linux_server_cpu,BI103202,kmeans,numba,cpu,linux_server_cpu,5000000,,256,50,,,2,416.1913361749612,342.315593465697,37.05578814796172,32807.80078125,,pass,inertia=1.27036e+09; rel_delta=0,long_safe,kmeans_cpu__d-256__estimated_host_gib-33.155__implementation-numba__k-50__max_iter-20__n-5000000__profile-long_safe__repeat-3__run_id-long_safe_20260503_190133__seed-2__separation-2.0__threads-16,,33.155,,16,,,,20,2.0
